data_point;region;vac_interval_group;vaccine;ve_zab_18_59;cil_zab_18_59;cih_zab_18_59;ve_hosp_18_59;cil_hosp_18_59;cih_hosp_18_59
2022.07_16-08-2022;Новгородская область;90_105_days;EpiVacCorona;NULL;NULL;NULL;NULL;NULL;NULL
2022.07_16-08-2022;Новгородская область;90_105_days;SputnikLite;NULL;NULL;NULL;NULL;NULL;NULL
2022.07_16-08-2022;Новгородская область;90_105_days;SputnikV;-0.97449;-6.91367;0.50736;-11.51957;-49.82272;-2.08404
2022.07_16-08-2022;Новосибирская область;105_165_days;AllVaccines;0.1792;-0.00434;0.3292;0.13547;-0.5054;0.50351
2022.07_16-08-2022;Новосибирская область;105_165_days;CoviVac;-0.02811;-2.18979;0.66863;NULL;NULL;NULL
2022.07_16-08-2022;Новосибирская область;105_165_days;EpiVacCorona;-0.21035;-2.22728;0.54607;-3.81742;-18.34358;-0.19975
2022.07_16-08-2022;Новосибирская область;105_165_days;SputnikLite;0.34285;0.06875;0.53627;0.0177;-1.20268;0.56193
2022.07_16-08-2022;Новосибирская область;105_165_days;SputnikV;0.02916;-0.24898;0.24536;0.13363;-0.83187;0.59026
2022.07_16-08-2022;Новосибирская область;165_195_days;AllVaccines;-0.10739;-0.3137;0.06652;0.19105;-0.40862;0.53543
2022.07_16-08-2022;Новосибирская область;165_195_days;CoviVac;-1.16091;-5.7044;0.30351;NULL;NULL;NULL
2022.07_16-08-2022;Новосибирская область;165_195_days;EpiVacCorona;-0.57233;-3.19246;0.41032;-8.41596;-28.34583;-2.02122
2022.07_16-08-2022;Новосибирская область;165_195_days;SputnikLite;-0.18934;-0.46929;0.03728;0.16135;-0.69137;0.58416
2022.07_16-08-2022;Новосибирская область;165_195_days;SputnikV;0.02159;-0.30961;0.26903;0.32955;-0.7971;0.74987
2022.07_16-08-2022;Новосибирская область;21_45_days;AllVaccines;-0.32254;-1.33182;0.24989;-1.63193;-7.2027;0.15551
2022.07_16-08-2022;Новосибирская область;21_45_days;CoviVac;NULL;NULL;NULL;NULL;NULL;NULL
2022.07_16-08-2022;Новосибирская область;21_45_days;EpiVacCorona;-1.18182;-5.76929;0.29677;-10.58317;-45.51039;-1.88473
2022.07_16-08-2022;Новосибирская область;21_45_days;SputnikLite;NULL;NULL;NULL;NULL;NULL;NULL
2022.07_16-08-2022;Новосибирская область;21_45_days;SputnikV;-0.36906;-1.54748;0.26424;-1.17464;-7.73191;0.45842
2022.07_16-08-2022;Новосибирская область;45_75_days;AllVaccines;-0.11088;-0.95864;0.36994;-1.21072;-5.88995;0.29066
2022.07_16-08-2022;Новосибирская область;45_75_days;CoviVac;NULL;NULL;NULL;NULL;NULL;NULL
2022.07_16-08-2022;Новосибирская область;45_75_days;EpiVacCorona;-0.91329;-4.93615;0.38332;NULL;NULL;NULL
2022.07_16-08-2022;Новосибирская область;45_75_days;SputnikLite;NULL;NULL;NULL;NULL;NULL;NULL
2022.07_16-08-2022;Новосибирская область;45_75_days;SputnikV;-0.31909;-1.4545;0.2911;-2.15251;-8.82514;-0.01152
2022.07_16-08-2022;Новосибирская область;75_90_days;AllVaccines;0.07065;-1.07051;0.58287;NULL;NULL;NULL
2022.07_16-08-2022;Новосибирская область;75_90_days;CoviVac;NULL;NULL;NULL;NULL;NULL;NULL
2022.07_16-08-2022;Новосибирская область;75_90_days;EpiVacCorona;NULL;NULL;NULL;NULL;NULL;NULL
2022.07_16-08-2022;Новосибирская область;75_90_days;SputnikLite;NULL;NULL;NULL;NULL;NULL;NULL
2022.07_16-08-2022;Новосибирская область;75_90_days;SputnikV;-0.13514;-1.52901;0.49049;NULL;NULL;NULL
2022.07_16-08-2022;Новосибирская область;90_105_days;AllVaccines;-0.38666;-1.39133;0.19592;-0.69235;-5.79535;0.57853
2022.07_16-08-2022;Новосибирская область;90_105_days;CoviVac;NULL;NULL;NULL;NULL;NULL;NULL
2022.07_16-08-2022;Новосибирская область;90_105_days;EpiVacCorona;-4.91792;-17.36085;-0.90742;NULL;NULL;NULL
2022.07_16-08-2022;Новосибирская область;90_105_days;SputnikLite;NULL;NULL;NULL;NULL;NULL;NULL
2022.07_16-08-2022;Новосибирская область;90_105_days;SputnikV;-0.45092;-1.6232;0.19748;-1.09435;-7.40952;0.47841
2022.07_16-08-2022;Омская область;105_165_days;AllVaccines;-0.07069;-0.32068;0.13199;-0.02918;-0.56867;0.32477
2022.07_16-08-2022;Омская область;105_165_days;CoviVac;-1.12734;-5.60343;0.31467;NULL;NULL;NULL
2022.07_16-08-2022;Омская область;105_165_days;EpiVacCorona;-0.6886;-2.76465;0.24259;-1.19562;-7.81084;0.45286
2022.07_16-08-2022;Омская область;105_165_days;SputnikLite;-0.17588;-0.60984;0.14109;-0.26235;-1.29917;0.30692
2022.07_16-08-2022;Омская область;105_165_days;SputnikV;0.02346;-0.30569;0.26964;0.02876;-0.72572;0.45338
2022.07_16-08-2022;Омская область;165_195_days;AllVaccines;0.01626;-0.25904;0.23136;0.25306;-0.29854;0.57035
2022.07_16-08-2022;Омская область;165_195_days;CoviVac;NULL;NULL;NULL;NULL;NULL;NULL
2022.07_16-08-2022;Омская область;165_195_days;EpiVacCorona;-2.49741;-6.00643;-0.7458;-5.84794;-17.33945;-1.55701
2022.07_16-08-2022;Омская область;165_195_days;SputnikLite;0.11135;-0.26135;0.37392;0.572;-0.14622;0.84019
2022.07_16-08-2022;Омская область;165_195_days;SputnikV;0.00489;-0.44629;0.31532;0.03121;-1.04605;0.54129
2022.07_16-08-2022;Омская область;21_45_days;AllVaccines;-0.6087;-1.47478;-0.04572;-0.18949;-2.18556;0.55585
2022.07_16-08-2022;Омская область;21_45_days;CoviVac;NULL;NULL;NULL;NULL;NULL;NULL
2022.07_16-08-2022;Омская область;21_45_days;EpiVacCorona;-0.43516;-2.82886;0.46206;-1.80287;-10.24767;0.30154
2022.07_16-08-2022;Омская область;21_45_days;SputnikLite;-6.8529;-23.37606;-1.52986;NULL;NULL;NULL
2022.07_16-08-2022;Омская область;21_45_days;SputnikV;-0.64214;-1.68754;-0.00339;-0.19614;-2.72521;0.61593
2022.07_16-08-2022;Омская область;45_75_days;AllVaccines;0.09307;-0.68907;0.51304;-0.06125;-2.30509;0.65924
2022.07_16-08-2022;Омская область;45_75_days;CoviVac;-2.6878;-13.75885;0.07853;-13.42382;-56.88152;-2.59435
2022.07_16-08-2022;Омская область;45_75_days;EpiVacCorona;NULL;NULL;NULL;NULL;NULL;NULL
2022.07_16-08-2022;Омская область;45_75_days;SputnikLite;-3.84006;-14.02395;-0.55926;NULL;NULL;NULL
2022.07_16-08-2022;Омская область;45_75_days;SputnikV;0.16725;-0.74982;0.60369;0.07251;-2.72194;0.76887
2022.07_16-08-2022;Омская область;75_90_days;AllVaccines;-0.81375;-2.28224;-0.00227;-0.28207;-4.14481;0.68051
2022.07_16-08-2022;Омская область;75_90_days;CoviVac;-2.92349;-14.70211;0.01963;NULL;NULL;NULL
2022.07_16-08-2022;Омская область;75_90_days;EpiVacCorona;NULL;NULL;NULL;NULL;NULL;NULL
2022.07_16-08-2022;Омская область;75_90_days;SputnikLite;-1.3654;-8.46649;0.40896;NULL;NULL;NULL
2022.07_16-08-2022;Омская область;75_90_days;SputnikV;-1.23068;-3.29563;-0.15838;-0.92977;-6.74398;0.51911
2022.07_16-08-2022;Омская область;90_105_days;AllVaccines;0.03553;-0.93214;0.51857;0.06071;-2.76928;0.76593
2022.07_16-08-2022;Омская область;90_105_days;CoviVac;NULL;NULL;NULL;NULL;NULL;NULL
2022.07_16-08-2022;Омская область;90_105_days;EpiVacCorona;-1.28128;-8.12985;0.42998;NULL;NULL;NULL
2022.07_16-08-2022;Омская область;90_105_days;SputnikLite;NULL;NULL;NULL;NULL;NULL;NULL
2022.07_16-08-2022;Омская область;90_105_days;SputnikV;-0.27977;-1.6891;0.39095;-0.42536;-4.71983;0.64481
2022.07_16-08-2022;Оренбургская область;105_165_days;AllVaccines;0.31152;0.0063;0.52299;0.34312;-1.09346;0.79389
2022.07_16-08-2022;Оренбургская область;105_165_days;CoviVac;-2.52424;-9.95759;-0.13348;NULL;NULL;NULL
2022.07_16-08-2022;Оренбургская область;105_165_days;EpiVacCorona;NULL;NULL;NULL;NULL;NULL;NULL
2022.07_16-08-2022;Оренбургская область;105_165_days;SputnikLite;0.51968;0.12801;0.73543;0.15346;-2.46074;0.79292
2022.07_16-08-2022;Оренбургская область;105_165_days;SputnikV;-0.01578;-0.62348;0.36445;-0.08131;-3.4205;0.7355
2022.07_16-08-2022;Оренбургская область;165_195_days;AllVaccines;-0.01523;-0.43476;0.28162;0.44326;-1.27601;0.86381
2022.07_16-08-2022;Оренбургская область;165_195_days;CoviVac;-5.17765;-23.75626;-0.54156;NULL;NULL;NULL
2022.07_16-08-2022;Оренбургская область;165_195_days;EpiVacCorona;-1.02652;-5.30088;0.34822;NULL;NULL;NULL
2022.07_16-08-2022;Оренбургская область;165_195_days;SputnikLite;0.05906;-0.42719;0.37964;NULL;NULL;NULL
2022.07_16-08-2022;Оренбургская область;165_195_days;SputnikV;-0.23243;-1.38016;0.36185;-1.66365;-9.88923;0.34844
2022.07_16-08-2022;Оренбургская область;21_45_days;AllVaccines;-0.27097;-2.06456;0.47289;-3.97727;-19.34755;-0.21751
2022.07_16-08-2022;Оренбургская область;21_45_days;CoviVac;NULL;NULL;NULL;NULL;NULL;NULL
2022.07_16-08-2022;Оренбургская область;21_45_days;EpiVacCorona;NULL;NULL;NULL;NULL;NULL;NULL
2022.07_16-08-2022;Оренбургская область;21_45_days;SputnikLite;-44.51084;-181.37971;-10.35673;NULL;NULL;NULL
2022.07_16-08-2022;Оренбургская область;21_45_days;SputnikV;-0.13169;-2.02501;0.57662;-4.54894;-21.68455;-0.35734
2022.07_16-08-2022;Оренбургская область;45_75_days;AllVaccines;-0.49875;-2.34921;0.32932;NULL;NULL;NULL
2022.07_16-08-2022;Оренбургская область;45_75_days;CoviVac;NULL;NULL;NULL;NULL;NULL;NULL
2022.07_16-08-2022;Оренбургская область;45_75_days;EpiVacCorona;-9.12559;-39.57718;-1.52673;NULL;NULL;NULL
2022.07_16-08-2022;Оренбургская область;45_75_days;SputnikLite;NULL;NULL;NULL;NULL;NULL;NULL
2022.07_16-08-2022;Оренбургская область;45_75_days;SputnikV;-0.44638;-2.4875;0.40014;NULL;NULL;NULL
2022.07_16-08-2022;Оренбургская область;75_90_days;AllVaccines;-1.41687;-4.40092;-0.08153;NULL;NULL;NULL
2022.07_16-08-2022;Оренбургская область;75_90_days;CoviVac;-7.80222;-34.27392;-1.1965;NULL;NULL;NULL
2022.07_16-08-2022;Оренбургская область;75_90_days;EpiVacCorona;NULL;NULL;NULL;NULL;NULL;NULL
2022.07_16-08-2022;Оренбургская область;75_90_days;SputnikLite;NULL;NULL;NULL;NULL;NULL;NULL
2022.07_16-08-2022;Оренбургская область;75_90_days;SputnikV;-1.41465;-4.82221;-0.00143;NULL;NULL;NULL
2022.07_16-08-2022;Оренбургская область;90_105_days;AllVaccines;-0.42998;-2.44797;0.40694;NULL;NULL;NULL
2022.07_16-08-2022;Оренбургская область;90_105_days;CoviVac;NULL;NULL;NULL;NULL;NULL;NULL
2022.07_16-08-2022;Оренбургская область;90_105_days;EpiVacCorona;NULL;NULL;NULL;NULL;NULL;NULL
2022.07_16-08-2022;Оренбургская область;90_105_days;SputnikLite;NULL;NULL;NULL;NULL;NULL;NULL
2022.07_16-08-2022;Оренбургская область;90_105_days;SputnikV;-0.62803;-2.92552;0.3248;NULL;NULL;NULL
2022.07_16-08-2022;Орловская область;105_165_days;AllVaccines;-0.26243;-0.95472;0.18468;-1.20188;-5.09214;0.20417
2022.07_16-08-2022;Орловская область;105_165_days;CoviVac;-3.45401;-16.85978;-0.11077;NULL;NULL;NULL
2022.07_16-08-2022;Орловская область;105_165_days;EpiVacCorona;NULL;NULL;NULL;NULL;NULL;NULL
2022.07_16-08-2022;Орловская область;105_165_days;SputnikLite;-0.42253;-1.66094;0.23952;-1.56591;-9.52891;0.37468
2022.07_16-08-2022;Орловская область;105_165_days;SputnikV;-0.35218;-1.45824;0.25622;-2.38281;-9.8314;-0.05651
2022.07_16-08-2022;Орловская область;165_195_days;AllVaccines;0.00727;-0.57045;0.37247;0.0753;-2.79441;0.77465
2022.07_16-08-2022;Орловская область;165_195_days;CoviVac;-6.46641;-22.23116;-1.39968;NULL;NULL;NULL
2022.07_16-08-2022;Орловская область;165_195_days;EpiVacCorona;-2.00063;-11.03198;0.25168;NULL;NULL;NULL
2022.07_16-08-2022;Орловская область;165_195_days;SputnikLite;0.02088;-0.73633;0.44787;-0.4656;-5.01391;0.64283
2022.07_16-08-2022;Орловская область;165_195_days;SputnikV;0.14116;-1.07275;0.64414;NULL;NULL;NULL
2022.07_16-08-2022;Орловская область;21_45_days;AllVaccines;0.39784;-1.41457;0.84983;NULL;NULL;NULL
2022.07_16-08-2022;Орловская область;21_45_days;CoviVac;NULL;NULL;NULL;NULL;NULL;NULL
2022.07_16-08-2022;Орловская область;21_45_days;EpiVacCorona;NULL;NULL;NULL;NULL;NULL;NULL
2022.07_16-08-2022;Орловская область;21_45_days;SputnikLite;NULL;NULL;NULL;NULL;NULL;NULL
2022.07_16-08-2022;Орловская область;21_45_days;SputnikV;0.35231;-1.59711;0.83847;NULL;NULL;NULL
2022.07_16-08-2022;Орловская область;45_75_days;AllVaccines;-0.61509;-4.02522;0.48092;NULL;NULL;NULL
2022.07_16-08-2022;Орловская область;45_75_days;CoviVac;NULL;NULL;NULL;NULL;NULL;NULL
2022.07_16-08-2022;Орловская область;45_75_days;EpiVacCorona;-8.21267;-35.94119;-1.29753;NULL;NULL;NULL
2022.07_16-08-2022;Орловская область;45_75_days;SputnikLite;NULL;NULL;NULL;NULL;NULL;NULL
2022.07_16-08-2022;Орловская область;45_75_days;SputnikV;-0.33187;-4.34056;0.66785;NULL;NULL;NULL
2022.07_16-08-2022;Орловская область;75_90_days;AllVaccines;-0.32322;-4.30589;0.67;NULL;NULL;NULL
2022.07_16-08-2022;Орловская область;75_90_days;CoviVac;NULL;NULL;NULL;NULL;NULL;NULL
2022.07_16-08-2022;Орловская область;75_90_days;EpiVacCorona;NULL;NULL;NULL;NULL;NULL;NULL
2022.07_16-08-2022;Орловская область;75_90_days;SputnikLite;NULL;NULL;NULL;NULL;NULL;NULL
2022.07_16-08-2022;Орловская область;75_90_days;SputnikV;-0.67854;-5.73065;0.58139;NULL;NULL;NULL
2022.07_16-08-2022;Орловская область;90_105_days;AllVaccines;NULL;NULL;NULL;NULL;NULL;NULL
2022.07_16-08-2022;Орловская область;90_105_days;CoviVac;NULL;NULL;NULL;NULL;NULL;NULL
2022.07_16-08-2022;Орловская область;90_105_days;EpiVacCorona;NULL;NULL;NULL;NULL;NULL;NULL
2022.07_16-08-2022;Орловская область;90_105_days;SputnikLite;NULL;NULL;NULL;NULL;NULL;NULL
2022.07_16-08-2022;Орловская область;90_105_days;SputnikV;NULL;NULL;NULL;NULL;NULL;NULL
2022.07_16-08-2022;Пензенская область;105_165_days;AllVaccines;-0.13119;-0.43994;0.11136;0.03357;-0.90457;0.50961
2022.07_16-08-2022;Пензенская область;105_165_days;CoviVac;-1.1463;-4.73175;0.1963;-6.51206;-29.37828;-0.85761
2022.07_16-08-2022;Пензенская область;105_165_days;EpiVacCorona;-0.74194;-2.66502;0.17208;NULL;NULL;NULL
2022.07_16-08-2022;Пензенская область;105_165_days;SputnikLite;-0.16631;-0.67886;0.18975;-0.07301;-1.90562;0.60375
2022.07_16-08-2022;Пензенская область;105_165_days;SputnikV;-0.04727;-0.47577;0.25681;-0.06642;-1.60924;0.56414
2022.07_16-08-2022;Пензенская область;165_195_days;AllVaccines;0.02023;-0.35634;0.29225;-0.26493;-1.7119;0.40999
2022.07_16-08-2022;Пензенская область;165_195_days;CoviVac;NULL;NULL;NULL;NULL;NULL;NULL
2022.07_16-08-2022;Пензенская область;165_195_days;EpiVacCorona;-1.40031;-6.457;0.22737;NULL;NULL;NULL
2022.07_16-08-2022;Пензенская область;165_195_days;SputnikLite;-0.02689;-0.50653;0.30005;-0.05351;-1.85282;0.61095
2022.07_16-08-2022;Пензенская область;165_195_days;SputnikV;0.08103;-0.71418;0.50734;-1.59763;-6.03416;0.04073
2022.07_16-08-2022;Пензенская область;21_45_days;AllVaccines;-0.19659;-0.81075;0.20927;0.28785;-1.87989;0.8239
2022.07_16-08-2022;Пензенская область;21_45_days;EpiVacCorona;-2.08298;-11.34708;0.2302;NULL;NULL;NULL
2022.07_16-08-2022;Пензенская область;21_45_days;SputnikLite;NULL;NULL;NULL;NULL;NULL;NULL
2022.07_16-08-2022;Пензенская область;21_45_days;SputnikV;-0.20618;-0.84187;0.21011;0.24861;-2.03857;0.81419
2022.07_16-08-2022;Пензенская область;45_75_days;AllVaccines;-0.21337;-0.85286;0.2054;-0.53694;-3.1619;0.43243
2022.07_16-08-2022;Пензенская область;45_75_days;CoviVac;NULL;NULL;NULL;NULL;NULL;NULL
2022.07_16-08-2022;Пензенская область;45_75_days;EpiVacCorona;-0.94812;-4.20249;0.27051;-5.81842;-26.57323;-0.68609
2022.07_16-08-2022;Пензенская область;45_75_days;SputnikLite;-2.71109;-13.86259;0.07337;NULL;NULL;NULL
2022.07_16-08-2022;Пензенская область;45_75_days;SputnikV;-0.15642;-0.84452;0.27499;-0.338;-3.20675;0.57443
2022.07_16-08-2022;Пензенская область;75_90_days;AllVaccines;-0.03116;-0.82299;0.41673;NULL;NULL;NULL
2022.07_16-08-2022;Пензенская область;75_90_days;CoviVac;-5.61082;-25.47575;-0.65068;NULL;NULL;NULL
2022.07_16-08-2022;Пензенская область;75_90_days;EpiVacCorona;-1.25297;-8.02293;0.43745;NULL;NULL;NULL
2022.07_16-08-2022;Пензенская область;75_90_days;SputnikLite;NULL;NULL;NULL;NULL;NULL;NULL
2022.07_16-08-2022;Пензенская область;75_90_days;SputnikV;0.02244;-0.82346;0.47593;NULL;NULL;NULL
2022.07_16-08-2022;Пензенская область;90_105_days;AllVaccines;-0.03023;-0.78166;0.40428;-0.66029;-4.22003;0.47193
2022.07_16-08-2022;Пензенская область;90_105_days;CoviVac;NULL;NULL;NULL;NULL;NULL;NULL
2022.07_16-08-2022;Пензенская область;90_105_days;EpiVacCorona;-3.03009;-11.52018;-0.29724;NULL;NULL;NULL
2022.07_16-08-2022;Пензенская область;90_105_days;SputnikLite;-4.24442;-15.2927;-0.68811;-23.50261;-98.08687;-5.0591
2022.07_16-08-2022;Пензенская область;90_105_days;SputnikV;0.18752;-0.5669;0.57871;-0.25645;-4.081;0.6893
2022.07_16-08-2022;Пермский край;105_165_days;AllVaccines;0.12778;-0.21561;0.37417;0.33372;-1.71029;0.83621
2022.07_16-08-2022;Пермский край;105_165_days;CoviVac;NULL;NULL;NULL;NULL;NULL;NULL
2022.07_16-08-2022;Пермский край;105_165_days;EpiVacCorona;-1.64335;-7.20817;0.14874;NULL;NULL;NULL
2022.07_16-08-2022;Пермский край;105_165_days;SputnikLite;0.09356;-0.48475;0.44662;-0.58627;-5.45264;0.61004
2022.07_16-08-2022;Пермский край;105_165_days;SputnikV;0.11551;-0.39195;0.43797;NULL;NULL;NULL
2022.07_16-08-2022;Пермский край;165_195_days;AllVaccines;-0.02447;-0.38478;0.24209;-0.651;-3.07923;0.33178
2022.07_16-08-2022;Пермский край;165_195_days;CoviVac;-3.07959;-11.66799;-0.31379;NULL;NULL;NULL
2022.07_16-08-2022;Пермский край;165_195_days;EpiVacCorona;-3.03151;-11.5187;-0.2983;-56.81898;-182.12851;-17.25513
2022.07_16-08-2022;Пермский край;165_195_days;SputnikLite;0.12864;-0.31676;0.42339;-0.05415;-3.28807;0.74085
2022.07_16-08-2022;Пермский край;165_195_days;SputnikV;-0.18802;-0.89261;0.25427;-0.84473;-6.50398;0.54651
2022.07_16-08-2022;Пермский край;21_45_days;AllVaccines;0.06699;-1.8972;0.69953;NULL;NULL;NULL
2022.07_16-08-2022;Пермский край;21_45_days;CoviVac;NULL;NULL;NULL;NULL;NULL;NULL
2022.07_16-08-2022;Пермский край;21_45_days;EpiVacCorona;NULL;NULL;NULL;NULL;NULL;NULL
2022.07_16-08-2022;Пермский край;21_45_days;SputnikLite;-11.4844;-48.97906;-2.11851;NULL;NULL;NULL
2022.07_16-08-2022;Пермский край;21_45_days;SputnikV;0.23144;-2.0768;0.80802;NULL;NULL;NULL
2022.07_16-08-2022;Пермский край;45_75_days;AllVaccines;0.14767;-1.64668;0.72552;NULL;NULL;NULL
2022.07_16-08-2022;Пермский край;45_75_days;CoviVac;NULL;NULL;NULL;NULL;NULL;NULL
2022.07_16-08-2022;Пермский край;45_75_days;EpiVacCorona;NULL;NULL;NULL;NULL;NULL;NULL
2022.07_16-08-2022;Пермский край;45_75_days;SputnikLite;NULL;NULL;NULL;NULL;NULL;NULL
2022.07_16-08-2022;Пермский край;45_75_days;SputnikV;-0.17006;-2.63328;0.6232;NULL;NULL;NULL
2022.07_16-08-2022;Пермский край;75_90_days;AllVaccines;NULL;NULL;NULL;NULL;NULL;NULL
2022.07_16-08-2022;Пермский край;75_90_days;CoviVac;NULL;NULL;NULL;NULL;NULL;NULL
2022.07_16-08-2022;Пермский край;75_90_days;EpiVacCorona;NULL;NULL;NULL;NULL;NULL;NULL
2022.07_16-08-2022;Пермский край;75_90_days;SputnikLite;NULL;NULL;NULL;NULL;NULL;NULL
2022.07_16-08-2022;Пермский край;75_90_days;SputnikV;NULL;NULL;NULL;NULL;NULL;NULL
2022.07_16-08-2022;Пермский край;90_105_days;AllVaccines;0.06652;-1.89865;0.69938;NULL;NULL;NULL
2022.07_16-08-2022;Пермский край;90_105_days;CoviVac;NULL;NULL;NULL;NULL;NULL;NULL
2022.07_16-08-2022;Пермский край;90_105_days;EpiVacCorona;-10.35443;-44.45543;-1.83625;NULL;NULL;NULL
2022.07_16-08-2022;Пермский край;90_105_days;SputnikLite;NULL;NULL;NULL;NULL;NULL;NULL
2022.07_16-08-2022;Пермский край;90_105_days;SputnikV;0.16852;-2.32867;0.7923;NULL;NULL;NULL
2022.07_16-08-2022;Приморский край;105_165_days;AllVaccines;0.23316;-0.02293;0.42513;0.55716;-0.19239;0.83554
2022.07_16-08-2022;Приморский край;105_165_days;CoviVac;-1.65897;-9.64274;0.33569;NULL;NULL;NULL
2022.07_16-08-2022;Приморский край;105_165_days;EpiVacCorona;-0.21857;-1.93247;0.49363;-2.4537;-12.91175;0.14259
2022.07_16-08-2022;Приморский край;105_165_days;SputnikLite;0.12436;-0.25752;0.39027;0.38799;-0.91489;0.8044
2022.07_16-08-2022;Приморский край;105_165_days;SputnikV;0.39291;-0.02791;0.64144;NULL;NULL;NULL
2022.07_16-08-2022;Приморский край;165_195_days;AllVaccines;-0.3534;-0.71891;-0.06561;0.4811;-0.3972;0.80729
2022.07_16-08-2022;Приморский край;165_195_days;CoviVac;NULL;NULL;NULL;NULL;NULL;NULL
2022.07_16-08-2022;Приморский край;165_195_days;EpiVacCorona;NULL;NULL;NULL;NULL;NULL;NULL
2022.07_16-08-2022;Приморский край;165_195_days;SputnikLite;-0.67988;-1.24746;-0.25564;0.50955;-0.97557;0.87824
2022.07_16-08-2022;Приморский край;165_195_days;SputnikV;-0.08521;-0.61204;0.26945;0.08633;-1.85877;0.70799
2022.07_16-08-2022;Приморский край;21_45_days;AllVaccines;-0.22007;-1.44478;0.39112;NULL;NULL;NULL
2022.07_16-08-2022;Приморский край;21_45_days;CoviVac;-5.46565;-24.87932;-0.61537;NULL;NULL;NULL
2022.07_16-08-2022;Приморский край;21_45_days;EpiVacCorona;-0.73352;-4.38178;0.44162;NULL;NULL;NULL
2022.07_16-08-2022;Приморский край;21_45_days;SputnikLite;-0.16387;-3.6585;0.70922;NULL;NULL;NULL
2022.07_16-08-2022;Приморский край;21_45_days;SputnikV;-0.42813;-2.81073;0.46479;NULL;NULL;NULL
2022.07_16-08-2022;Приморский край;45_75_days;AllVaccines;-0.09745;-1.11389;0.43025;-0.72279;-5.93954;0.5723
2022.07_16-08-2022;Приморский край;45_75_days;CoviVac;NULL;NULL;NULL;NULL;NULL;NULL
2022.07_16-08-2022;Приморский край;45_75_days;EpiVacCorona;-2.39308;-12.58109;0.15228;NULL;NULL;NULL
2022.07_16-08-2022;Приморский край;45_75_days;SputnikLite;-0.34217;-2.22991;0.44227;NULL;NULL;NULL
2022.07_16-08-2022;Приморский край;45_75_days;SputnikV;-0.12012;-1.98887;0.58022;-2.97134;-14.99684;0.01409
2022.07_16-08-2022;Приморский край;75_90_days;AllVaccines;-0.42752;-2.18325;0.35983;NULL;NULL;NULL
2022.07_16-08-2022;Приморский край;75_90_days;CoviVac;-4.64053;-21.57671;-0.40922;NULL;NULL;NULL
2022.07_16-08-2022;Приморский край;75_90_days;EpiVacCorona;NULL;NULL;NULL;NULL;NULL;NULL
2022.07_16-08-2022;Приморский край;75_90_days;SputnikLite;-0.63625;-4.07981;0.47295;NULL;NULL;NULL
2022.07_16-08-2022;Приморский край;75_90_days;SputnikV;-0.88128;-4.84049;0.39402;NULL;NULL;NULL
2022.07_16-08-2022;Приморский край;90_105_days;AllVaccines;0.60447;-0.58315;0.90118;NULL;NULL;NULL
2022.07_16-08-2022;Приморский край;90_105_days;CoviVac;NULL;NULL;NULL;NULL;NULL;NULL
2022.07_16-08-2022;Приморский край;90_105_days;EpiVacCorona;NULL;NULL;NULL;NULL;NULL;NULL
2022.07_16-08-2022;Приморский край;90_105_days;SputnikLite;NULL;NULL;NULL;NULL;NULL;NULL
2022.07_16-08-2022;Приморский край;90_105_days;SputnikV;-0.42251;-4.6937;0.6446;NULL;NULL;NULL
2022.07_16-08-2022;Псковская область;105_165_days;AllVaccines;-0.5369;-1.30592;-0.02435;-0.61836;-4.23131;0.49935
2022.07_16-08-2022;Псковская область;105_165_days;CoviVac;-3.86487;-18.52399;-0.2122;-43.3771;-182.46563;-9.73404
2022.07_16-08-2022;Псковская область;105_165_days;EpiVacCorona;-1.09809;-7.42017;0.47721;-18.13865;-78.12379;-3.6293
2022.07_16-08-2022;Псковская область;105_165_days;SputnikLite;-1.16462;-3.19343;-0.11736;NULL;NULL;NULL
2022.07_16-08-2022;Псковская область;105_165_days;SputnikV;-0.36944;-1.29532;0.18296;NULL;NULL;NULL
2022.07_16-08-2022;Псковская область;165_195_days;AllVaccines;0.2536;-0.35974;0.59028;NULL;NULL;NULL
2022.07_16-08-2022;Псковская область;165_195_days;CoviVac;NULL;NULL;NULL;NULL;NULL;NULL
2022.07_16-08-2022;Псковская область;165_195_days;EpiVacCorona;NULL;NULL;NULL;NULL;NULL;NULL
2022.07_16-08-2022;Псковская область;165_195_days;SputnikLite;0.24969;-0.68093;0.66508;NULL;NULL;NULL
2022.07_16-08-2022;Псковская область;165_195_days;SputnikV;-0.0477;-1.34716;0.53234;NULL;NULL;NULL
2022.07_16-08-2022;Псковская область;21_45_days;AllVaccines;-0.50413;-5.03648;0.62521;NULL;NULL;NULL
2022.07_16-08-2022;Псковская область;21_45_days;CoviVac;NULL;NULL;NULL;NULL;NULL;NULL
2022.07_16-08-2022;Псковская область;21_45_days;EpiVacCorona;NULL;NULL;NULL;NULL;NULL;NULL
2022.07_16-08-2022;Псковская область;21_45_days;SputnikLite;NULL;NULL;NULL;NULL;NULL;NULL
2022.07_16-08-2022;Псковская область;21_45_days;SputnikV;-1.1901;-7.78943;0.45429;NULL;NULL;NULL
2022.07_16-08-2022;Псковская область;45_75_days;AllVaccines;-0.73621;-4.40773;0.44257;NULL;NULL;NULL
2022.07_16-08-2022;Псковская область;45_75_days;CoviVac;NULL;NULL;NULL;NULL;NULL;NULL
2022.07_16-08-2022;Псковская область;45_75_days;EpiVacCorona;-10.57703;-45.46162;-1.88469;NULL;NULL;NULL
2022.07_16-08-2022;Псковская область;45_75_days;SputnikLite;NULL;NULL;NULL;NULL;NULL;NULL
2022.07_16-08-2022;Псковская область;45_75_days;SputnikV;-0.50162;-5.02638;0.62584;NULL;NULL;NULL
2022.07_16-08-2022;Псковская область;75_90_days;AllVaccines;-1.06673;-7.29432;0.48503;NULL;NULL;NULL
2022.07_16-08-2022;Псковская область;75_90_days;CoviVac;NULL;NULL;NULL;NULL;NULL;NULL
2022.07_16-08-2022;Псковская область;75_90_days;EpiVacCorona;NULL;NULL;NULL;NULL;NULL;NULL
2022.07_16-08-2022;Псковская область;75_90_days;SputnikLite;NULL;NULL;NULL;NULL;NULL;NULL
2022.07_16-08-2022;Псковская область;75_90_days;SputnikV;-1.43965;-8.79094;0.3921;NULL;NULL;NULL
2022.07_16-08-2022;Псковская область;90_105_days;AllVaccines;NULL;NULL;NULL;NULL;NULL;NULL
2022.07_16-08-2022;Псковская область;90_105_days;CoviVac;NULL;NULL;NULL;NULL;NULL;NULL
2022.07_16-08-2022;Псковская область;90_105_days;EpiVacCorona;NULL;NULL;NULL;NULL;NULL;NULL
2022.07_16-08-2022;Псковская область;90_105_days;SputnikLite;NULL;NULL;NULL;NULL;NULL;NULL
2022.07_16-08-2022;Псковская область;90_105_days;SputnikV;NULL;NULL;NULL;NULL;NULL;NULL
2022.07_16-08-2022;РФ;105_165_days;AllVaccines;0.10444;0.08145;0.12685;0.27177;0.19556;0.34076
2022.07_16-08-2022;РФ;105_165_days;CoviVac;-0.35326;-0.57362;-0.16376;0.28537;-0.49937;0.65939
2022.07_16-08-2022;РФ;105_165_days;EpiVacCorona;0.45038;0.36633;0.52327;0.2616;-0.145;0.52381
2022.07_16-08-2022;РФ;105_165_days;SputnikLite;0.0471;0.00948;0.0833;0.2303;0.10277;0.33971
2022.07_16-08-2022;РФ;105_165_days;SputnikV;0.12368;0.09288;0.15343;0.28159;0.17721;0.37272
2022.07_16-08-2022;РФ;165_195_days;AllVaccines;0.01159;-0.01528;0.03774;0.26514;0.17976;0.34163
2022.07_16-08-2022;РФ;165_195_days;CoviVac;-0.72132;-1.10486;-0.40767;0.07573;-1.46309;0.65317
2022.07_16-08-2022;РФ;165_195_days;EpiVacCorona;0.19317;0.04885;0.3156;-0.45086;-1.24976;0.06435
2022.07_16-08-2022;РФ;165_195_days;SputnikLite;-0.02836;-0.06307;0.0052;0.34709;0.24345;0.43653
2022.07_16-08-2022;РФ;165_195_days;SputnikV;0.08555;0.04144;0.12764;0.1557;-0.00572;0.29122
2022.07_16-08-2022;РФ;21_45_days;AllVaccines;0.29409;0.24102;0.34345;0.32631;0.12193;0.48312
2022.07_16-08-2022;РФ;21_45_days;CoviVac;0.14699;-0.23547;0.41105;0.22275;-2.10814;0.80564
2022.07_16-08-2022;РФ;21_45_days;EpiVacCorona;0.38424;0.21474;0.51715;0.39576;-0.45197;0.74855
2022.07_16-08-2022;РФ;21_45_days;SputnikLite;0.0834;-0.12966;0.25627;0.33575;-0.59619;0.72357
2022.07_16-08-2022;РФ;21_45_days;SputnikV;0.30893;0.24896;0.36411;0.27178;0.02717;0.45488
2022.07_16-08-2022;РФ;45_75_days;AllVaccines;0.27279;0.21804;0.32371;0.25319;0.03543;0.42179
2022.07_16-08-2022;РФ;45_75_days;CoviVac;0.04042;-0.27721;0.27906;-0.82372;-2.82638;0.13078
2022.07_16-08-2022;РФ;45_75_days;EpiVacCorona;0.22786;-0.01334;0.41166;-0.32632;-1.78278;0.36785
2022.07_16-08-2022;РФ;45_75_days;SputnikLite;0.17522;0.01779;0.30742;0.33208;-0.33592;0.66606
2022.07_16-08-2022;РФ;45_75_days;SputnikV;0.30769;0.24487;0.36529;0.30868;0.05699;0.4932
2022.07_16-08-2022;РФ;75_90_days;AllVaccines;0.24361;0.17061;0.31019;0.2988;0.01317;0.50176
2022.07_16-08-2022;РФ;75_90_days;CoviVac;-0.02352;-0.42559;0.26515;-0.86565;-3.48314;0.22361
2022.07_16-08-2022;РФ;75_90_days;EpiVacCorona;0.28634;-0.027;0.50408;0.37215;-1.5107;0.843
2022.07_16-08-2022;РФ;75_90_days;SputnikLite;0.16521;-0.0208;0.31732;0.55175;-0.19453;0.8318
2022.07_16-08-2022;РФ;75_90_days;SputnikV;0.27548;0.18827;0.35332;0.2245;-0.14822;0.47623
2022.07_16-08-2022;РФ;90_105_days;AllVaccines;0.18749;0.11542;0.25369;0.18476;-0.10378;0.39788
2022.07_16-08-2022;РФ;90_105_days;CoviVac;0.14678;-0.28399;0.43304;-0.41985;-3.40304;0.54214
2022.07_16-08-2022;РФ;90_105_days;EpiVacCorona;0.37394;0.13589;0.54642;-0.29548;-1.88422;0.41812
2022.07_16-08-2022;РФ;90_105_days;SputnikLite;0.12349;-0.04455;0.26449;-0.07365;-0.89112;0.39046
2022.07_16-08-2022;РФ;90_105_days;SputnikV;0.17802;0.08738;0.25965;0.28529;-0.06678;0.52117
2022.07_16-08-2022;Республика Адыгея;105_165_days;AllVaccines;-1.46397;-3.56964;-0.32858;-1.53863;-9.8268;0.40475
2022.07_16-08-2022;Республика Адыгея;105_165_days;CoviVac;NULL;NULL;NULL;NULL;NULL;NULL
2022.07_16-08-2022;Республика Адыгея;105_165_days;EpiVacCorona;NULL;NULL;NULL;NULL;NULL;NULL
2022.07_16-08-2022;Республика Адыгея;105_165_days;SputnikLite;-2.63909;-6.16291;-0.84883;NULL;NULL;NULL
2022.07_16-08-2022;Республика Адыгея;105_165_days;SputnikV;-0.51264;-3.75266;0.51857;-5.09857;-25.00927;-0.42997
2022.07_16-08-2022;Республика Адыгея;165_195_days;AllVaccines;-1.03103;-2.99772;-0.03186;-1.60058;-10.09098;0.39022
2022.07_16-08-2022;Республика Адыгея;165_195_days;CoviVac;NULL;NULL;NULL;NULL;NULL;NULL
2022.07_16-08-2022;Республика Адыгея;165_195_days;EpiVacCorona;NULL;NULL;NULL;NULL;NULL;NULL
2022.07_16-08-2022;Республика Адыгея;165_195_days;SputnikLite;-1.15437;-3.61395;-0.00593;-2.60528;-14.37583;0.15465
2022.07_16-08-2022;Республика Адыгея;165_195_days;SputnikV;-1.9714;-8.33605;0.05429;NULL;NULL;NULL
2022.07_16-08-2022;Республика Адыгея;21_45_days;AllVaccines;-6.44362;-22.38763;-1.3691;-29.0108;-126.99048;-6.03684
2022.07_16-08-2022;Республика Адыгея;21_45_days;EpiVacCorona;NULL;NULL;NULL;NULL;NULL;NULL
2022.07_16-08-2022;Республика Адыгея;21_45_days;SputnikLite;NULL;NULL;NULL;NULL;NULL;NULL
2022.07_16-08-2022;Республика Адыгея;21_45_days;SputnikV;-9.65704;-32.48409;-2.39184;-41.96649;-182.24407;-9.07465
2022.07_16-08-2022;Республика Адыгея;45_75_days;AllVaccines;-6.08677;-27.64327;-0.75337;-42.19554;-183.22093;-9.12835
2022.07_16-08-2022;Республика Адыгея;45_75_days;CoviVac;NULL;NULL;NULL;NULL;NULL;NULL
2022.07_16-08-2022;Республика Адыгея;45_75_days;EpiVacCorona;NULL;NULL;NULL;NULL;NULL;NULL
2022.07_16-08-2022;Республика Адыгея;45_75_days;SputnikLite;NULL;NULL;NULL;NULL;NULL;NULL
2022.07_16-08-2022;Республика Адыгея;45_75_days;SputnikV;-14.94354;-63.44052;-2.94467;-96.17966;-413.45313;-21.78638
2022.07_16-08-2022;Республика Адыгея;75_90_days;AllVaccines;-5.14707;-23.84519;-0.52088;NULL;NULL;NULL
2022.07_16-08-2022;Республика Адыгея;75_90_days;EpiVacCorona;NULL;NULL;NULL;NULL;NULL;NULL
2022.07_16-08-2022;Республика Адыгея;75_90_days;SputnikLite;NULL;NULL;NULL;NULL;NULL;NULL
2022.07_16-08-2022;Республика Адыгея;75_90_days;SputnikV;-11.58107;-49.85013;-2.11274;NULL;NULL;NULL
2022.07_16-08-2022;Республика Адыгея;90_105_days;AllVaccines;-5.33263;-24.5952;-0.56679;-37.5989;-163.6171;-8.05055
2022.07_16-08-2022;Республика Адыгея;90_105_days;CoviVac;NULL;NULL;NULL;NULL;NULL;NULL
2022.07_16-08-2022;Республика Адыгея;90_105_days;EpiVacCorona;NULL;NULL;NULL;NULL;NULL;NULL
2022.07_16-08-2022;Республика Адыгея;90_105_days;SputnikLite;-7.52542;-33.45801;-1.10931;-50.96446;-220.61874;-11.18446
2022.07_16-08-2022;Республика Адыгея;90_105_days;SputnikV;NULL;NULL;NULL;NULL;NULL;NULL
2022.07_16-08-2022;Республика Алтай;105_165_days;AllVaccines;0.09747;-0.39042;0.41417;NULL;NULL;NULL
2022.07_16-08-2022;Республика Алтай;105_165_days;CoviVac;NULL;NULL;NULL;NULL;NULL;NULL
2022.07_16-08-2022;Республика Алтай;105_165_days;EpiVacCorona;NULL;NULL;NULL;NULL;NULL;NULL
2022.07_16-08-2022;Республика Алтай;105_165_days;SputnikLite;-0.60058;-1.60687;0.01727;NULL;NULL;NULL
2022.07_16-08-2022;Республика Алтай;105_165_days;SputnikV;0.46601;-0.19718;0.76182;NULL;NULL;NULL
2022.07_16-08-2022;Республика Алтай;165_195_days;AllVaccines;-0.02546;-0.56592;0.32847;-1.34071;-5.74605;0.18783
2022.07_16-08-2022;Республика Алтай;165_195_days;CoviVac;NULL;NULL;NULL;NULL;NULL;NULL
2022.07_16-08-2022;Республика Алтай;165_195_days;EpiVacCorona;NULL;NULL;NULL;NULL;NULL;NULL
2022.07_16-08-2022;Республика Алтай;165_195_days;SputnikLite;-0.12389;-0.78539;0.29252;-0.4515;-5.11542;0.65549
2022.07_16-08-2022;Республика Алтай;165_195_days;SputnikV;-0.08424;-1.62206;0.55166;-7.66526;-27.6995;-1.61631
2022.07_16-08-2022;Республика Алтай;21_45_days;AllVaccines;NULL;NULL;NULL;NULL;NULL;NULL
2022.07_16-08-2022;Республика Алтай;21_45_days;CoviVac;NULL;NULL;NULL;NULL;NULL;NULL
2022.07_16-08-2022;Республика Алтай;21_45_days;EpiVacCorona;NULL;NULL;NULL;NULL;NULL;NULL
2022.07_16-08-2022;Республика Алтай;21_45_days;SputnikLite;NULL;NULL;NULL;NULL;NULL;NULL
2022.07_16-08-2022;Республика Алтай;21_45_days;SputnikV;NULL;NULL;NULL;NULL;NULL;NULL
2022.07_16-08-2022;Республика Алтай;45_75_days;AllVaccines;-0.2481;-2.88934;0.59948;NULL;NULL;NULL
2022.07_16-08-2022;Республика Алтай;45_75_days;CoviVac;NULL;NULL;NULL;NULL;NULL;NULL
2022.07_16-08-2022;Республика Алтай;45_75_days;EpiVacCorona;NULL;NULL;NULL;NULL;NULL;NULL
2022.07_16-08-2022;Республика Алтай;45_75_days;SputnikLite;NULL;NULL;NULL;NULL;NULL;NULL
2022.07_16-08-2022;Республика Алтай;45_75_days;SputnikV;-0.92053;-4.98478;0.3837;NULL;NULL;NULL
2022.07_16-08-2022;Республика Алтай;75_90_days;AllVaccines;-0.38685;-3.3217;0.55496;NULL;NULL;NULL
2022.07_16-08-2022;Республика Алтай;75_90_days;CoviVac;-4.66623;-21.74958;-0.41129;NULL;NULL;NULL
2022.07_16-08-2022;Республика Алтай;75_90_days;EpiVacCorona;NULL;NULL;NULL;NULL;NULL;NULL
2022.07_16-08-2022;Республика Алтай;75_90_days;SputnikLite;NULL;NULL;NULL;NULL;NULL;NULL
2022.07_16-08-2022;Республика Алтай;75_90_days;SputnikV;-0.64731;-5.61387;0.5897;NULL;NULL;NULL
2022.07_16-08-2022;Республика Алтай;90_105_days;AllVaccines;-0.3535;-2.62744;0.49497;NULL;NULL;NULL
2022.07_16-08-2022;Республика Алтай;90_105_days;CoviVac;NULL;NULL;NULL;NULL;NULL;NULL
2022.07_16-08-2022;Республика Алтай;90_105_days;EpiVacCorona;NULL;NULL;NULL;NULL;NULL;NULL
2022.07_16-08-2022;Республика Алтай;90_105_days;SputnikLite;-2.60896;-13.48977;0.10112;NULL;NULL;NULL
2022.07_16-08-2022;Республика Алтай;90_105_days;SputnikV;-1.04113;-5.36058;0.345;NULL;NULL;NULL
2022.07_16-08-2022;Республика Башкортостан;105_165_days;AllVaccines;-0.35675;-0.71834;-0.07126;-0.36434;-1.35758;0.21045
2022.07_16-08-2022;Республика Башкортостан;105_165_days;CoviVac;-1.98992;-10.97324;0.25337;NULL;NULL;NULL
2022.07_16-08-2022;Республика Башкортостан;105_165_days;EpiVacCorona;-1.27537;-3.38729;-0.18007;-7.3849;-17.93813;-2.71243
2022.07_16-08-2022;Республика Башкортостан;105_165_days;SputnikLite;-0.14992;-0.79114;0.26175;0.07522;-1.8967;0.70476
2022.07_16-08-2022;Республика Башкортостан;105_165_days;SputnikV;-0.38565;-0.85845;-0.03314;-0.09939;-1.34289;0.48412
2022.07_16-08-2022;Республика Башкортостан;165_195_days;AllVaccines;-0.63291;-1.09777;-0.27107;-0.59604;-1.87066;0.11263
2022.07_16-08-2022;Республика Башкортостан;165_195_days;CoviVac;NULL;NULL;NULL;NULL;NULL;NULL
2022.07_16-08-2022;Республика Башкортостан;165_195_days;EpiVacCorona;-1.14214;-4.15902;0.11053;-3.64345;-17.72074;-0.15175
2022.07_16-08-2022;Республика Башкортостан;165_195_days;SputnikLite;-0.85372;-1.53559;-0.35522;-0.69771;-2.61796;0.20336
2022.07_16-08-2022;Республика Башкортостан;165_195_days;SputnikV;-0.39065;-1.1229;0.08902;-0.71133;-3.1664;0.29708
2022.07_16-08-2022;Республика Башкортостан;21_45_days;AllVaccines;-0.00826;-0.42728;0.28775;0.51575;-0.51682;0.8454
2022.07_16-08-2022;Республика Башкортостан;21_45_days;CoviVac;NULL;NULL;NULL;NULL;NULL;NULL
2022.07_16-08-2022;Республика Башкортостан;21_45_days;EpiVacCorona;-0.18285;-2.67427;0.61921;NULL;NULL;NULL
2022.07_16-08-2022;Республика Башкортостан;21_45_days;SputnikLite;-0.71204;-5.85595;0.57247;NULL;NULL;NULL
2022.07_16-08-2022;Республика Башкортостан;21_45_days;SputnikV;-0.05703;-0.52098;0.26539;0.43964;-0.7552;0.8211
2022.07_16-08-2022;Республика Башкортостан;45_75_days;AllVaccines;-0.94889;-1.78831;-0.36218;-1.03413;-3.59429;0.09938
2022.07_16-08-2022;Республика Башкортостан;45_75_days;CoviVac;-3.11132;-7.64867;-0.9544;NULL;NULL;NULL
2022.07_16-08-2022;Республика Башкортостан;45_75_days;EpiVacCorona;-0.86475;-6.46748;0.53434;-9.13889;-39.87645;-1.51482
2022.07_16-08-2022;Республика Башкортостан;45_75_days;SputnikLite;-0.37984;-3.28618;0.55579;NULL;NULL;NULL
2022.07_16-08-2022;Республика Башкортостан;45_75_days;SputnikV;-0.98595;-2.03165;-0.30094;-1.44391;-4.94993;-0.00382
2022.07_16-08-2022;Республика Башкортостан;75_90_days;AllVaccines;0.02169;-1.058;0.53494;NULL;NULL;NULL
2022.07_16-08-2022;Республика Башкортостан;75_90_days;CoviVac;-0.75548;-6.02989;0.56163;NULL;NULL;NULL
2022.07_16-08-2022;Республика Башкортостан;75_90_days;EpiVacCorona;NULL;NULL;NULL;NULL;NULL;NULL
2022.07_16-08-2022;Республика Башкортостан;75_90_days;SputnikLite;-0.66673;-5.6745;0.58379;NULL;NULL;NULL
2022.07_16-08-2022;Республика Башкортостан;75_90_days;SputnikV;-0.16464;-1.80485;0.51642;NULL;NULL;NULL
2022.07_16-08-2022;Республика Башкортостан;90_105_days;AllVaccines;-0.28424;-1.57587;0.35972;-1.61684;-7.19669;0.16456
2022.07_16-08-2022;Республика Башкортостан;90_105_days;CoviVac;-2.97601;-14.9221;0.00713;NULL;NULL;NULL
2022.07_16-08-2022;Республика Башкортостан;90_105_days;EpiVacCorona;-1.63573;-9.5549;0.34181;-13.33081;-56.77681;-2.55458
2022.07_16-08-2022;Республика Башкортостан;90_105_days;SputnikLite;-0.82459;-4.66772;0.41261;NULL;NULL;NULL
2022.07_16-08-2022;Республика Башкортостан;90_105_days;SputnikV;-0.20167;-2.20866;0.54996;-2.25962;-12.14163;0.19149
2022.07_16-08-2022;Республика Бурятия;105_165_days;AllVaccines;0.1462;-0.22221;0.40356;-0.53202;-3.33994;0.45919
2022.07_16-08-2022;Республика Бурятия;105_165_days;CoviVac;NULL;NULL;NULL;NULL;NULL;NULL
2022.07_16-08-2022;Республика Бурятия;105_165_days;EpiVacCorona;-0.14974;-3.61057;0.71329;NULL;NULL;NULL
2022.07_16-08-2022;Республика Бурятия;105_165_days;SputnikLite;0.22957;-0.44136;0.58819;-1.18055;-8.08693;0.47674
2022.07_16-08-2022;Республика Бурятия;105_165_days;SputnikV;-0.00273;-0.53815;0.34631;-0.94422;-5.34903;0.40463
2022.07_16-08-2022;Республика Бурятия;165_195_days;AllVaccines;-0.33952;-0.90779;0.05949;NULL;NULL;NULL
2022.07_16-08-2022;Республика Бурятия;165_195_days;CoviVac;NULL;NULL;NULL;NULL;NULL;NULL
2022.07_16-08-2022;Республика Бурятия;165_195_days;EpiVacCorona;-2.6533;-10.36789;-0.17406;NULL;NULL;NULL
2022.07_16-08-2022;Республика Бурятия;165_195_days;SputnikLite;-0.46046;-1.24027;0.04791;NULL;NULL;NULL
2022.07_16-08-2022;Республика Бурятия;165_195_days;SputnikV;-0.14231;-1.1371;0.38942;NULL;NULL;NULL
2022.07_16-08-2022;Республика Бурятия;21_45_days;AllVaccines;-0.38869;-2.35184;0.42466;NULL;NULL;NULL
2022.07_16-08-2022;Республика Бурятия;21_45_days;CoviVac;NULL;NULL;NULL;NULL;NULL;NULL
2022.07_16-08-2022;Республика Бурятия;21_45_days;EpiVacCorona;-3.62624;-13.39535;-0.48674;NULL;NULL;NULL
2022.07_16-08-2022;Республика Бурятия;21_45_days;SputnikLite;-29.44474;-121.08621;-6.59203;NULL;NULL;NULL
2022.07_16-08-2022;Республика Бурятия;21_45_days;SputnikV;0.24121;-2.04283;0.81078;NULL;NULL;NULL
2022.07_16-08-2022;Республика Бурятия;45_75_days;AllVaccines;-0.19697;-2.20244;0.55261;NULL;NULL;NULL
2022.07_16-08-2022;Республика Бурятия;45_75_days;CoviVac;NULL;NULL;NULL;NULL;NULL;NULL
2022.07_16-08-2022;Республика Бурятия;45_75_days;EpiVacCorona;NULL;NULL;NULL;NULL;NULL;NULL
2022.07_16-08-2022;Республика Бурятия;45_75_days;SputnikLite;NULL;NULL;NULL;NULL;NULL;NULL
2022.07_16-08-2022;Республика Бурятия;45_75_days;SputnikV;-0.63728;-3.38045;0.38804;NULL;NULL;NULL
2022.07_16-08-2022;Республика Бурятия;75_90_days;AllVaccines;-0.17452;-2.65473;0.62254;NULL;NULL;NULL
2022.07_16-08-2022;Республика Бурятия;75_90_days;CoviVac;NULL;NULL;NULL;NULL;NULL;NULL
2022.07_16-08-2022;Республика Бурятия;75_90_days;EpiVacCorona;NULL;NULL;NULL;NULL;NULL;NULL
2022.07_16-08-2022;Республика Бурятия;75_90_days;SputnikLite;-12.35059;-52.5371;-2.32925;NULL;NULL;NULL
2022.07_16-08-2022;Республика Бурятия;75_90_days;SputnikV;-0.13592;-3.55512;0.71674;NULL;NULL;NULL
2022.07_16-08-2022;Республика Бурятия;90_105_days;AllVaccines;-0.03326;-2.21518;0.66794;NULL;NULL;NULL
2022.07_16-08-2022;Республика Бурятия;90_105_days;CoviVac;NULL;NULL;NULL;NULL;NULL;NULL
2022.07_16-08-2022;Республика Бурятия;90_105_days;EpiVacCorona;NULL;NULL;NULL;NULL;NULL;NULL
2022.07_16-08-2022;Республика Бурятия;90_105_days;SputnikLite;NULL;NULL;NULL;NULL;NULL;NULL
2022.07_16-08-2022;Республика Бурятия;90_105_days;SputnikV;-0.68384;-4.23956;0.45886;NULL;NULL;NULL
2022.07_16-08-2022;Республика Дагестан;105_165_days;AllVaccines;-1.19767;-2.14568;-0.53536;-1.26776;-5.36106;0.19153
2022.07_16-08-2022;Республика Дагестан;105_165_days;CoviVac;NULL;NULL;NULL;NULL;NULL;NULL
2022.07_16-08-2022;Республика Дагестан;105_165_days;EpiVacCorona;-0.40569;-3.40844;0.55178;NULL;NULL;NULL
2022.07_16-08-2022;Республика Дагестан;105_165_days;SputnikLite;-2.80944;-7.61944;-0.68361;-10.50767;-49.04644;-1.64607
2022.07_16-08-2022;Республика Дагестан;105_165_days;SputnikV;-1.20988;-2.23748;-0.50844;-1.17273;-5.60073;0.28481
2022.07_16-08-2022;Республика Дагестан;165_195_days;AllVaccines;-1.73207;-3.52526;-0.64946;NULL;NULL;NULL
2022.07_16-08-2022;Республика Дагестан;165_195_days;CoviVac;NULL;NULL;NULL;NULL;NULL;NULL
2022.07_16-08-2022;Республика Дагестан;165_195_days;EpiVacCorona;-1.2546;-8.09883;0.44133;NULL;NULL;NULL
2022.07_16-08-2022;Республика Дагестан;165_195_days;SputnikLite;-4.58254;-10.37838;-1.73894;NULL;NULL;NULL
2022.07_16-08-2022;Республика Дагестан;165_195_days;SputnikV;-1.20689;-3.32877;-0.12511;NULL;NULL;NULL
2022.07_16-08-2022;Республика Дагестан;21_45_days;AllVaccines;-0.8684;-3.55618;0.23381;NULL;NULL;NULL
2022.07_16-08-2022;Республика Дагестан;21_45_days;CoviVac;NULL;NULL;NULL;NULL;NULL;NULL
2022.07_16-08-2022;Республика Дагестан;21_45_days;EpiVacCorona;NULL;NULL;NULL;NULL;NULL;NULL
2022.07_16-08-2022;Республика Дагестан;21_45_days;SputnikLite;NULL;NULL;NULL;NULL;NULL;NULL
2022.07_16-08-2022;Республика Дагестан;21_45_days;SputnikV;-0.90113;-3.636;0.22039;NULL;NULL;NULL
2022.07_16-08-2022;Республика Дагестан;45_75_days;AllVaccines;-3.26505;-5.64813;-1.7362;-5.78169;-19.60267;-1.2323
2022.07_16-08-2022;Республика Дагестан;45_75_days;CoviVac;NULL;NULL;NULL;NULL;NULL;NULL
2022.07_16-08-2022;Республика Дагестан;45_75_days;EpiVacCorona;NULL;NULL;NULL;NULL;NULL;NULL
2022.07_16-08-2022;Республика Дагестан;45_75_days;SputnikLite;NULL;NULL;NULL;NULL;NULL;NULL
2022.07_16-08-2022;Республика Дагестан;45_75_days;SputnikV;-3.37927;-5.82617;-1.80948;-5.96331;-20.15443;-1.29208
2022.07_16-08-2022;Республика Дагестан;75_90_days;AllVaccines;-2.77369;-6.40202;-0.9239;NULL;NULL;NULL
2022.07_16-08-2022;Республика Дагестан;75_90_days;CoviVac;NULL;NULL;NULL;NULL;NULL;NULL
2022.07_16-08-2022;Республика Дагестан;75_90_days;EpiVacCorona;NULL;NULL;NULL;NULL;NULL;NULL
2022.07_16-08-2022;Республика Дагестан;75_90_days;SputnikLite;NULL;NULL;NULL;NULL;NULL;NULL
2022.07_16-08-2022;Республика Дагестан;75_90_days;SputnikV;-3.0336;-6.91183;-1.05641;NULL;NULL;NULL
2022.07_16-08-2022;Республика Дагестан;90_105_days;AllVaccines;-2.75771;-6.659;-0.84364;NULL;NULL;NULL
2022.07_16-08-2022;Республика Дагестан;90_105_days;CoviVac;-13.33808;-56.86383;-2.55283;NULL;NULL;NULL
2022.07_16-08-2022;Республика Дагестан;90_105_days;EpiVacCorona;NULL;NULL;NULL;NULL;NULL;NULL
2022.07_16-08-2022;Республика Дагестан;90_105_days;SputnikLite;NULL;NULL;NULL;NULL;NULL;NULL
2022.07_16-08-2022;Республика Дагестан;90_105_days;SputnikV;-3.09236;-7.73824;-0.91656;NULL;NULL;NULL
2022.07_16-08-2022;Республика Ингушетия;105_165_days;AllVaccines;-1.21362;-2.86623;-0.26741;NULL;NULL;NULL
2022.07_16-08-2022;Республика Ингушетия;105_165_days;CoviVac;NULL;NULL;NULL;NULL;NULL;NULL
2022.07_16-08-2022;Республика Ингушетия;105_165_days;EpiVacCorona;-0.98397;-5.27893;0.37312;NULL;NULL;NULL
2022.07_16-08-2022;Республика Ингушетия;105_165_days;SputnikLite;-1.32582;-4.33374;-0.01419;NULL;NULL;NULL
2022.07_16-08-2022;Республика Ингушетия;105_165_days;SputnikV;-1.61886;-4.42381;-0.2645;NULL;NULL;NULL
2022.07_16-08-2022;Республика Ингушетия;165_195_days;AllVaccines;-0.76236;-2.32014;0.06452;-22.71181;-260.49855;-1.15011
2022.07_16-08-2022;Республика Ингушетия;165_195_days;CoviVac;NULL;NULL;NULL;NULL;NULL;NULL
2022.07_16-08-2022;Республика Ингушетия;165_195_days;EpiVacCorona;NULL;NULL;NULL;NULL;NULL;NULL
2022.07_16-08-2022;Республика Ингушетия;165_195_days;SputnikLite;-0.82956;-2.96457;0.1557;-39.77303;-448.65299;-2.69716
2022.07_16-08-2022;Республика Ингушетия;165_195_days;SputnikV;-0.96448;-3.84873;0.20408;NULL;NULL;NULL
2022.07_16-08-2022;Республика Ингушетия;21_45_days;AllVaccines;NULL;NULL;NULL;NULL;NULL;NULL
2022.07_16-08-2022;Республика Ингушетия;21_45_days;CoviVac;NULL;NULL;NULL;NULL;NULL;NULL
2022.07_16-08-2022;Республика Ингушетия;21_45_days;EpiVacCorona;NULL;NULL;NULL;NULL;NULL;NULL
2022.07_16-08-2022;Республика Ингушетия;21_45_days;SputnikV;NULL;NULL;NULL;NULL;NULL;NULL
2022.07_16-08-2022;Республика Ингушетия;45_75_days;AllVaccines;-0.36653;-2.72909;0.49923;NULL;NULL;NULL
2022.07_16-08-2022;Республика Ингушетия;45_75_days;CoviVac;NULL;NULL;NULL;NULL;NULL;NULL
2022.07_16-08-2022;Республика Ингушетия;45_75_days;EpiVacCorona;-27.81186;-116.12769;-6.08734;NULL;NULL;NULL
2022.07_16-08-2022;Республика Ингушетия;45_75_days;SputnikLite;NULL;NULL;NULL;NULL;NULL;NULL
2022.07_16-08-2022;Республика Ингушетия;45_75_days;SputnikV;-0.12609;-2.56387;0.64419;NULL;NULL;NULL
2022.07_16-08-2022;Республика Ингушетия;75_90_days;AllVaccines;-2.03921;-7.29361;-0.11373;NULL;NULL;NULL
2022.07_16-08-2022;Республика Ингушетия;75_90_days;CoviVac;NULL;NULL;NULL;NULL;NULL;NULL
2022.07_16-08-2022;Республика Ингушетия;75_90_days;EpiVacCorona;-24.87584;-104.19199;-5.36511;NULL;NULL;NULL
2022.07_16-08-2022;Республика Ингушетия;75_90_days;SputnikLite;NULL;NULL;NULL;NULL;NULL;NULL
2022.07_16-08-2022;Республика Ингушетия;75_90_days;SputnikV;-1.51931;-6.9732;0.20397;NULL;NULL;NULL
2022.07_16-08-2022;Республика Ингушетия;90_105_days;AllVaccines;-1.33687;-5.37701;0.14365;NULL;NULL;NULL
2022.07_16-08-2022;Республика Ингушетия;90_105_days;CoviVac;NULL;NULL;NULL;NULL;NULL;NULL
2022.07_16-08-2022;Республика Ингушетия;90_105_days;EpiVacCorona;-1.86821;-6.82696;-0.05106;NULL;NULL;NULL
2022.07_16-08-2022;Республика Ингушетия;90_105_days;SputnikLite;NULL;NULL;NULL;NULL;NULL;NULL
2022.07_16-08-2022;Республика Ингушетия;90_105_days;SputnikV;NULL;NULL;NULL;NULL;NULL;NULL
2022.07_16-08-2022;Республика Калмыкия;105_165_days;AllVaccines;-0.70349;-1.23785;-0.29673;NULL;NULL;NULL
2022.07_16-08-2022;Республика Калмыкия;105_165_days;CoviVac;NULL;NULL;NULL;NULL;NULL;NULL
2022.07_16-08-2022;Республика Калмыкия;105_165_days;EpiVacCorona;-2.98621;-9.64433;-0.4928;NULL;NULL;NULL
2022.07_16-08-2022;Республика Калмыкия;105_165_days;SputnikLite;-0.61382;-1.20779;-0.17964;NULL;NULL;NULL
2022.07_16-08-2022;Республика Калмыкия;105_165_days;SputnikV;-0.99004;-2.51767;-0.12582;NULL;NULL;NULL
2022.07_16-08-2022;Республика Калмыкия;165_195_days;AllVaccines;-0.23243;-0.6582;0.08401;-0.8866;-6.98265;0.55412
2022.07_16-08-2022;Республика Калмыкия;165_195_days;CoviVac;NULL;NULL;NULL;NULL;NULL;NULL
2022.07_16-08-2022;Республика Калмыкия;165_195_days;EpiVacCorona;NULL;NULL;NULL;NULL;NULL;NULL
2022.07_16-08-2022;Республика Калмыкия;165_195_days;SputnikLite;-0.41347;-0.90769;-0.04729;NULL;NULL;NULL
2022.07_16-08-2022;Республика Калмыкия;165_195_days;SputnikV;0.3801;-1.48248;0.84521;-21.96201;-96.15763;-4.42679
2022.07_16-08-2022;Республика Калмыкия;21_45_days;AllVaccines;NULL;NULL;NULL;NULL;NULL;NULL
2022.07_16-08-2022;Республика Калмыкия;21_45_days;CoviVac;NULL;NULL;NULL;NULL;NULL;NULL
2022.07_16-08-2022;Республика Калмыкия;21_45_days;EpiVacCorona;NULL;NULL;NULL;NULL;NULL;NULL
2022.07_16-08-2022;Республика Калмыкия;21_45_days;SputnikLite;NULL;NULL;NULL;NULL;NULL;NULL
2022.07_16-08-2022;Республика Калмыкия;21_45_days;SputnikV;NULL;NULL;NULL;NULL;NULL;NULL
2022.07_16-08-2022;Республика Калмыкия;45_75_days;AllVaccines;0.19532;-0.69285;0.6175;NULL;NULL;NULL
2022.07_16-08-2022;Республика Калмыкия;45_75_days;CoviVac;NULL;NULL;NULL;NULL;NULL;NULL
2022.07_16-08-2022;Республика Калмыкия;45_75_days;EpiVacCorona;-1.18128;-7.73533;0.45532;NULL;NULL;NULL
2022.07_16-08-2022;Республика Калмыкия;45_75_days;SputnikLite;-0.04905;-1.34139;0.52998;NULL;NULL;NULL
2022.07_16-08-2022;Республика Калмыкия;45_75_days;SputnikV;NULL;NULL;NULL;NULL;NULL;NULL
2022.07_16-08-2022;Республика Калмыкия;75_90_days;AllVaccines;-1.43607;-3.41504;-0.34414;-15.24045;-67.71715;-2.83823
2022.07_16-08-2022;Республика Калмыкия;75_90_days;CoviVac;NULL;NULL;NULL;NULL;NULL;NULL
2022.07_16-08-2022;Республика Калмыкия;75_90_days;EpiVacCorona;NULL;NULL;NULL;NULL;NULL;NULL
2022.07_16-08-2022;Республика Калмыкия;75_90_days;SputnikLite;-1.14077;-3.29412;-0.06724;NULL;NULL;NULL
2022.07_16-08-2022;Республика Калмыкия;75_90_days;SputnikV;-5.05283;-15.16281;-1.26673;-110.85119;-472.26854;-25.43465
2022.07_16-08-2022;Республика Калмыкия;90_105_days;AllVaccines;-0.88498;-2.63482;0.02247;NULL;NULL;NULL
2022.07_16-08-2022;Республика Калмыкия;90_105_days;CoviVac;NULL;NULL;NULL;NULL;NULL;NULL
2022.07_16-08-2022;Республика Калмыкия;90_105_days;EpiVacCorona;NULL;NULL;NULL;NULL;NULL;NULL
2022.07_16-08-2022;Республика Калмыкия;90_105_days;SputnikLite;-1.18577;-3.3844;-0.08968;NULL;NULL;NULL
2022.07_16-08-2022;Республика Калмыкия;90_105_days;SputnikV;-0.96547;-6.87106;0.50921;NULL;NULL;NULL
2022.07_16-08-2022;Республика Карелия;105_165_days;AllVaccines;0.09999;-0.21097;0.3311;-0.06285;-1.92134;0.61331
2022.07_16-08-2022;Республика Карелия;105_165_days;CoviVac;-2.09816;-8.62427;0.00267;NULL;NULL;NULL
2022.07_16-08-2022;Республика Карелия;105_165_days;EpiVacCorona;-1.73852;-5.5957;-0.13703;-14.1132;-60.7416;-2.69943
2022.07_16-08-2022;Республика Карелия;105_165_days;SputnikLite;-0.09441;-0.58449;0.24409;-0.54368;-3.91545;0.51521
2022.07_16-08-2022;Республика Карелия;105_165_days;SputnikV;0.44638;0.0214;0.68681;NULL;NULL;NULL
2022.07_16-08-2022;Республика Карелия;165_195_days;AllVaccines;0.11447;-0.28207;0.38836;0.18031;-2.34864;0.79936
2022.07_16-08-2022;Республика Карелия;165_195_days;CoviVac;-1.34533;-8.39233;0.41435;NULL;NULL;NULL
2022.07_16-08-2022;Республика Карелия;165_195_days;EpiVacCorona;-1.64887;-7.22858;0.1473;NULL;NULL;NULL
2022.07_16-08-2022;Республика Карелия;165_195_days;SputnikLite;0.19333;-0.30362;0.50083;-0.29157;-4.27641;0.68385
2022.07_16-08-2022;Республика Карелия;165_195_days;SputnikV;-0.03729;-0.93465;0.44384;NULL;NULL;NULL
2022.07_16-08-2022;Республика Карелия;21_45_days;AllVaccines;-0.06709;-1.84947;0.60039;NULL;NULL;NULL
2022.07_16-08-2022;Республика Карелия;21_45_days;EpiVacCorona;NULL;NULL;NULL;NULL;NULL;NULL
2022.07_16-08-2022;Республика Карелия;21_45_days;SputnikLite;NULL;NULL;NULL;NULL;NULL;NULL
2022.07_16-08-2022;Республика Карелия;21_45_days;SputnikV;-0.36428;-2.64305;0.48909;NULL;NULL;NULL
2022.07_16-08-2022;Республика Карелия;45_75_days;AllVaccines;0.15686;-1.0307;0.64993;-3.65309;-18.00916;-0.13899
2022.07_16-08-2022;Республика Карелия;45_75_days;CoviVac;NULL;NULL;NULL;NULL;NULL;NULL
2022.07_16-08-2022;Республика Карелия;45_75_days;EpiVacCorona;NULL;NULL;NULL;NULL;NULL;NULL
2022.07_16-08-2022;Республика Карелия;45_75_days;SputnikLite;-0.16088;-2.60623;0.6263;-9.70189;-42.72019;-1.61962
2022.07_16-08-2022;Республика Карелия;45_75_days;SputnikV;0.03482;-1.99829;0.6893;NULL;NULL;NULL
2022.07_16-08-2022;Республика Карелия;75_90_days;AllVaccines;-0.3985;-2.73443;0.47628;NULL;NULL;NULL
2022.07_16-08-2022;Республика Карелия;75_90_days;CoviVac;NULL;NULL;NULL;NULL;NULL;NULL
2022.07_16-08-2022;Республика Карелия;75_90_days;EpiVacCorona;NULL;NULL;NULL;NULL;NULL;NULL
2022.07_16-08-2022;Республика Карелия;75_90_days;SputnikLite;NULL;NULL;NULL;NULL;NULL;NULL
2022.07_16-08-2022;Республика Карелия;75_90_days;SputnikV;-1.8817;-6.69503;-0.07916;NULL;NULL;NULL
2022.07_16-08-2022;Республика Карелия;90_105_days;AllVaccines;0.35174;-1.01377;0.79132;NULL;NULL;NULL
2022.07_16-08-2022;Республика Карелия;90_105_days;CoviVac;NULL;NULL;NULL;NULL;NULL;NULL
2022.07_16-08-2022;Республика Карелия;90_105_days;EpiVacCorona;-24.19518;-99.89899;-5.29141;NULL;NULL;NULL
2022.07_16-08-2022;Республика Карелия;90_105_days;SputnikLite;0.19292;-2.23212;0.79847;NULL;NULL;NULL
2022.07_16-08-2022;Республика Карелия;90_105_days;SputnikV;NULL;NULL;NULL;NULL;NULL;NULL
2022.07_16-08-2022;Республика Коми;105_165_days;AllVaccines;-0.27924;-0.83971;0.11049;0.39505;-0.90853;0.80825
2022.07_16-08-2022;Республика Коми;105_165_days;CoviVac;NULL;NULL;NULL;NULL;NULL;NULL
2022.07_16-08-2022;Республика Коми;105_165_days;EpiVacCorona;NULL;NULL;NULL;NULL;NULL;NULL
2022.07_16-08-2022;Республика Коми;105_165_days;SputnikLite;-0.18011;-1.00741;0.30624;-0.28005;-3.03839;0.59426
2022.07_16-08-2022;Республика Коми;105_165_days;SputnikV;-0.59379;-1.55114;0.0043;NULL;NULL;NULL
2022.07_16-08-2022;Республика Коми;165_195_days;AllVaccines;0.16232;-0.35859;0.48351;-0.26559;-2.11066;0.48508
2022.07_16-08-2022;Республика Коми;165_195_days;CoviVac;NULL;NULL;NULL;NULL;NULL;NULL
2022.07_16-08-2022;Республика Коми;165_195_days;EpiVacCorona;NULL;NULL;NULL;NULL;NULL;NULL
2022.07_16-08-2022;Республика Коми;165_195_days;SputnikLite;0.09308;-0.57307;0.47713;-0.06155;-2.34906;0.66352
2022.07_16-08-2022;Республика Коми;165_195_days;SputnikV;0.00523;-1.40043;0.58775;-2.07662;-8.70635;0.02481
2022.07_16-08-2022;Республика Коми;21_45_days;AllVaccines;-0.60761;-3.30009;0.39899;NULL;NULL;NULL
2022.07_16-08-2022;Республика Коми;21_45_days;CoviVac;NULL;NULL;NULL;NULL;NULL;NULL
2022.07_16-08-2022;Республика Коми;21_45_days;EpiVacCorona;NULL;NULL;NULL;NULL;NULL;NULL
2022.07_16-08-2022;Республика Коми;21_45_days;SputnikLite;NULL;NULL;NULL;NULL;NULL;NULL
2022.07_16-08-2022;Республика Коми;21_45_days;SputnikV;-1.1565;-4.76827;0.19378;NULL;NULL;NULL
2022.07_16-08-2022;Республика Коми;45_75_days;AllVaccines;-0.92596;-3.6474;0.20185;-2.93052;-14.93864;0.03072
2022.07_16-08-2022;Республика Коми;45_75_days;CoviVac;NULL;NULL;NULL;NULL;NULL;NULL
2022.07_16-08-2022;Республика Коми;45_75_days;EpiVacCorona;NULL;NULL;NULL;NULL;NULL;NULL
2022.07_16-08-2022;Республика Коми;45_75_days;SputnikLite;NULL;NULL;NULL;NULL;NULL;NULL
2022.07_16-08-2022;Республика Коми;45_75_days;SputnikV;-1.48175;-4.98856;-0.02848;-4.0648;-19.53824;-0.249
2022.07_16-08-2022;Республика Коми;75_90_days;AllVaccines;-0.2779;-4.12363;0.68128;NULL;NULL;NULL
2022.07_16-08-2022;Республика Коми;75_90_days;CoviVac;NULL;NULL;NULL;NULL;NULL;NULL
2022.07_16-08-2022;Республика Коми;75_90_days;EpiVacCorona;NULL;NULL;NULL;NULL;NULL;NULL
2022.07_16-08-2022;Республика Коми;75_90_days;SputnikLite;NULL;NULL;NULL;NULL;NULL;NULL
2022.07_16-08-2022;Республика Коми;75_90_days;SputnikV;-0.85693;-6.44523;0.53686;NULL;NULL;NULL
2022.07_16-08-2022;Республика Коми;90_105_days;AllVaccines;-0.78374;-3.77121;0.33314;-3.55947;-17.48908;-0.12438
2022.07_16-08-2022;Республика Коми;90_105_days;CoviVac;NULL;NULL;NULL;NULL;NULL;NULL
2022.07_16-08-2022;Республика Коми;90_105_days;EpiVacCorona;NULL;NULL;NULL;NULL;NULL;NULL
2022.07_16-08-2022;Республика Коми;90_105_days;SputnikLite;-0.98499;-6.95869;0.50492;-9.18828;-40.31446;-1.51246
2022.07_16-08-2022;Республика Коми;90_105_days;SputnikV;-1.79658;-7.70033;0.10108;NULL;NULL;NULL
2022.07_16-08-2022;Республика Крым;105_165_days;AllVaccines;-0.32122;-0.84787;0.05533;-0.19747;-1.71818;0.47246
2022.07_16-08-2022;Республика Крым;105_165_days;CoviVac;NULL;NULL;NULL;NULL;NULL;NULL
2022.07_16-08-2022;Республика Крым;105_165_days;EpiVacCorona;-0.47871;-2.95107;0.44659;NULL;NULL;NULL
2022.07_16-08-2022;Республика Крым;105_165_days;SputnikLite;-0.31104;-1.32001;0.25913;-0.80269;-4.66582;0.42644
2022.07_16-08-2022;Республика Крым;105_165_days;SputnikV;-0.46892;-1.24606;0.03933;-0.45915;-2.94971;0.46094
2022.07_16-08-2022;Республика Крым;165_195_days;AllVaccines;0.13529;-0.23961;0.39681;0.24206;-0.85363;0.69009
2022.07_16-08-2022;Республика Крым;165_195_days;CoviVac;NULL;NULL;NULL;NULL;NULL;NULL
2022.07_16-08-2022;Республика Крым;165_195_days;EpiVacCorona;NULL;NULL;NULL;NULL;NULL;NULL
2022.07_16-08-2022;Республика Крым;165_195_days;SputnikLite;0.17932;-0.29473;0.47981;0.29462;-1.21699;0.77557
2022.07_16-08-2022;Республика Крым;165_195_days;SputnikV;-0.15457;-0.99868;0.33305;-0.46326;-3.59901;0.53444
2022.07_16-08-2022;Республика Крым;21_45_days;AllVaccines;0.0939;-1.18386;0.62405;NULL;NULL;NULL
2022.07_16-08-2022;Республика Крым;21_45_days;CoviVac;NULL;NULL;NULL;NULL;NULL;NULL
2022.07_16-08-2022;Республика Крым;21_45_days;EpiVacCorona;-1.07228;-7.30248;0.48276;NULL;NULL;NULL
2022.07_16-08-2022;Республика Крым;21_45_days;SputnikLite;NULL;NULL;NULL;NULL;NULL;NULL
2022.07_16-08-2022;Республика Крым;21_45_days;SputnikV;0.02116;-1.61544;0.63366;NULL;NULL;NULL
2022.07_16-08-2022;Республика Крым;45_75_days;AllVaccines;-1.00547;-3.02635;0.0011;-1.75151;-10.12391;0.31941
2022.07_16-08-2022;Республика Крым;45_75_days;CoviVac;-6.50519;-22.32745;-1.41466;NULL;NULL;NULL
2022.07_16-08-2022;Республика Крым;45_75_days;EpiVacCorona;-5.69615;-25.82778;-0.67134;NULL;NULL;NULL
2022.07_16-08-2022;Республика Крым;45_75_days;SputnikLite;NULL;NULL;NULL;NULL;NULL;NULL
2022.07_16-08-2022;Республика Крым;45_75_days;SputnikV;-0.6076;-2.87459;0.33299;-2.54444;-13.32958;0.12328
2022.07_16-08-2022;Республика Крым;75_90_days;AllVaccines;-1.12123;-3.46627;-0.00747;NULL;NULL;NULL
2022.07_16-08-2022;Республика Крым;75_90_days;CoviVac;NULL;NULL;NULL;NULL;NULL;NULL
2022.07_16-08-2022;Республика Крым;75_90_days;EpiVacCorona;NULL;NULL;NULL;NULL;NULL;NULL
2022.07_16-08-2022;Республика Крым;75_90_days;SputnikLite;NULL;NULL;NULL;NULL;NULL;NULL
2022.07_16-08-2022;Республика Крым;75_90_days;SputnikV;-1.55342;-4.37623;-0.21273;NULL;NULL;NULL
2022.07_16-08-2022;Республика Крым;90_105_days;AllVaccines;-1.50556;-4.03035;-0.24799;-4.19802;-15.3373;-0.65385
2022.07_16-08-2022;Республика Крым;90_105_days;CoviVac;NULL;NULL;NULL;NULL;NULL;NULL
2022.07_16-08-2022;Республика Крым;90_105_days;EpiVacCorona;-7.38498;-32.594;-1.09287;-45.41927;-186.6656;-10.48185
2022.07_16-08-2022;Республика Крым;90_105_days;SputnikLite;NULL;NULL;NULL;NULL;NULL;NULL
2022.07_16-08-2022;Республика Крым;90_105_days;SputnikV;-1.76576;-4.82332;-0.31358;-3.34303;-16.55817;-0.07425
2022.07_16-08-2022;Республика Марий Эл;105_165_days;AllVaccines;-0.99822;-3.09765;0.02557;NULL;NULL;NULL
2022.07_16-08-2022;Республика Марий Эл;105_165_days;CoviVac;NULL;NULL;NULL;NULL;NULL;NULL
2022.07_16-08-2022;Республика Марий Эл;105_165_days;EpiVacCorona;NULL;NULL;NULL;NULL;NULL;NULL
2022.07_16-08-2022;Республика Марий Эл;105_165_days;SputnikLite;-1.30139;-4.63816;0.06062;NULL;NULL;NULL
2022.07_16-08-2022;Республика Марий Эл;105_165_days;SputnikV;-1.68396;-6.27628;0.00999;NULL;NULL;NULL
2022.07_16-08-2022;Республика Марий Эл;165_195_days;AllVaccines;0.31436;-1.15782;0.78214;NULL;NULL;NULL
2022.07_16-08-2022;Республика Марий Эл;165_195_days;CoviVac;NULL;NULL;NULL;NULL;NULL;NULL
2022.07_16-08-2022;Республика Марий Эл;165_195_days;EpiVacCorona;NULL;NULL;NULL;NULL;NULL;NULL
2022.07_16-08-2022;Республика Марий Эл;165_195_days;SputnikLite;0.0088;-2.11947;0.68505;NULL;NULL;NULL
2022.07_16-08-2022;Республика Марий Эл;165_195_days;SputnikV;NULL;NULL;NULL;NULL;NULL;NULL
2022.07_16-08-2022;Республика Марий Эл;21_45_days;AllVaccines;-1.80337;-10.34561;0.30732;NULL;NULL;NULL
2022.07_16-08-2022;Республика Марий Эл;21_45_days;EpiVacCorona;NULL;NULL;NULL;NULL;NULL;NULL
2022.07_16-08-2022;Республика Марий Эл;21_45_days;SputnikLite;-12.9657;-55.52102;-2.45077;NULL;NULL;NULL
2022.07_16-08-2022;Республика Марий Эл;21_45_days;SputnikV;NULL;NULL;NULL;NULL;NULL;NULL
2022.07_16-08-2022;Республика Марий Эл;45_75_days;AllVaccines;NULL;NULL;NULL;NULL;NULL;NULL
2022.07_16-08-2022;Республика Марий Эл;45_75_days;EpiVacCorona;NULL;NULL;NULL;NULL;NULL;NULL
2022.07_16-08-2022;Республика Марий Эл;45_75_days;SputnikLite;NULL;NULL;NULL;NULL;NULL;NULL
2022.07_16-08-2022;Республика Марий Эл;45_75_days;SputnikV;NULL;NULL;NULL;NULL;NULL;NULL
2022.07_16-08-2022;Республика Марий Эл;75_90_days;AllVaccines;-6.2946;-21.95726;-1.31784;NULL;NULL;NULL
2022.07_16-08-2022;Республика Марий Эл;75_90_days;CoviVac;NULL;NULL;NULL;NULL;NULL;NULL
2022.07_16-08-2022;Республика Марий Эл;75_90_days;EpiVacCorona;NULL;NULL;NULL;NULL;NULL;NULL
2022.07_16-08-2022;Республика Марий Эл;75_90_days;SputnikLite;NULL;NULL;NULL;NULL;NULL;NULL
2022.07_16-08-2022;Республика Марий Эл;75_90_days;SputnikV;-11.75219;-39.13314;-3.05197;NULL;NULL;NULL
2022.07_16-08-2022;Республика Марий Эл;90_105_days;AllVaccines;NULL;NULL;NULL;NULL;NULL;NULL
2022.07_16-08-2022;Республика Марий Эл;90_105_days;CoviVac;NULL;NULL;NULL;NULL;NULL;NULL
2022.07_16-08-2022;Республика Марий Эл;90_105_days;EpiVacCorona;NULL;NULL;NULL;NULL;NULL;NULL
2022.07_16-08-2022;Республика Марий Эл;90_105_days;SputnikLite;NULL;NULL;NULL;NULL;NULL;NULL
2022.07_16-08-2022;Республика Марий Эл;90_105_days;SputnikV;NULL;NULL;NULL;NULL;NULL;NULL
2022.07_16-08-2022;Республика Мордовия;105_165_days;AllVaccines;-0.60878;-1.30038;-0.12511;-1.21468;-4.84825;0.16132
2022.07_16-08-2022;Республика Мордовия;105_165_days;CoviVac;NULL;NULL;NULL;NULL;NULL;NULL
2022.07_16-08-2022;Республика Мордовия;105_165_days;EpiVacCorona;-0.47989;-3.62042;0.526;NULL;NULL;NULL
2022.07_16-08-2022;Республика Мордовия;105_165_days;SputnikLite;-0.79803;-1.84014;-0.1383;-2.54916;-9.26247;-0.22743
2022.07_16-08-2022;Республика Мордовия;105_165_days;SputnikV;-0.58677;-1.72108;0.07469;-1.11267;-7.91937;0.49959
2022.07_16-08-2022;Республика Мордовия;165_195_days;AllVaccines;-0.25896;-1.01031;0.21158;NULL;NULL;NULL
2022.07_16-08-2022;Республика Мордовия;165_195_days;CoviVac;-15.40326;-64.95872;-3.07932;NULL;NULL;NULL
2022.07_16-08-2022;Республика Мордовия;165_195_days;EpiVacCorona;-1.67494;-9.75611;0.33477;NULL;NULL;NULL
2022.07_16-08-2022;Республика Мордовия;165_195_days;SputnikLite;-0.30851;-1.20571;0.22374;NULL;NULL;NULL
2022.07_16-08-2022;Республика Мордовия;165_195_days;SputnikV;-0.06073;-2.31174;0.66026;NULL;NULL;NULL
2022.07_16-08-2022;Республика Мордовия;21_45_days;AllVaccines;-0.37691;-1.78514;0.31928;NULL;NULL;NULL
2022.07_16-08-2022;Республика Мордовия;21_45_days;CoviVac;NULL;NULL;NULL;NULL;NULL;NULL
2022.07_16-08-2022;Республика Мордовия;21_45_days;EpiVacCorona;-1.35112;-5.31485;0.12464;NULL;NULL;NULL
2022.07_16-08-2022;Республика Мордовия;21_45_days;SputnikLite;NULL;NULL;NULL;NULL;NULL;NULL
2022.07_16-08-2022;Республика Мордовия;21_45_days;SputnikV;-0.22333;-1.96569;0.49538;NULL;NULL;NULL
2022.07_16-08-2022;Республика Мордовия;45_75_days;AllVaccines;-0.39275;-1.95294;0.34311;NULL;NULL;NULL
2022.07_16-08-2022;Республика Мордовия;45_75_days;CoviVac;NULL;NULL;NULL;NULL;NULL;NULL
2022.07_16-08-2022;Республика Мордовия;45_75_days;EpiVacCorona;-5.1811;-18.29826;-0.97976;NULL;NULL;NULL
2022.07_16-08-2022;Республика Мордовия;45_75_days;SputnikLite;-2.40578;-12.69489;0.15302;NULL;NULL;NULL
2022.07_16-08-2022;Республика Мордовия;45_75_days;SputnikV;-0.0051;-1.69959;0.62579;NULL;NULL;NULL
2022.07_16-08-2022;Республика Мордовия;75_90_days;AllVaccines;0.04095;-1.57591;0.64293;NULL;NULL;NULL
2022.07_16-08-2022;Республика Мордовия;75_90_days;CoviVac;NULL;NULL;NULL;NULL;NULL;NULL
2022.07_16-08-2022;Республика Мордовия;75_90_days;EpiVacCorona;NULL;NULL;NULL;NULL;NULL;NULL
2022.07_16-08-2022;Республика Мордовия;75_90_days;SputnikLite;-2.5519;-13.28246;0.11668;NULL;NULL;NULL
2022.07_16-08-2022;Республика Мордовия;75_90_days;SputnikV;0.06373;-1.92317;0.70012;NULL;NULL;NULL
2022.07_16-08-2022;Республика Мордовия;90_105_days;AllVaccines;-1.39485;-3.65937;-0.23092;-4.06644;-20.38971;-0.20005
2022.07_16-08-2022;Республика Мордовия;90_105_days;CoviVac;NULL;NULL;NULL;NULL;NULL;NULL
2022.07_16-08-2022;Республика Мордовия;90_105_days;EpiVacCorona;-13.37966;-43.89534;-3.6057;-92.56366;-394.01123;-21.16179
2022.07_16-08-2022;Республика Мордовия;90_105_days;SputnikLite;-0.72303;-5.92844;0.5715;NULL;NULL;NULL
2022.07_16-08-2022;Республика Мордовия;90_105_days;SputnikV;-1.55579;-4.74541;-0.13692;NULL;NULL;NULL
2022.07_16-08-2022;Республика Саха (Якутия);105_165_days;AllVaccines;-0.09114;-0.29233;0.07872;-0.11222;-0.87603;0.34061
2022.07_16-08-2022;Республика Саха (Якутия);105_165_days;CoviVac;-0.98649;-5.16368;0.35978;NULL;NULL;NULL
2022.07_16-08-2022;Республика Саха (Якутия);105_165_days;EpiVacCorona;0.25954;-0.97455;0.72233;NULL;NULL;NULL
2022.07_16-08-2022;Республика Саха (Якутия);105_165_days;SputnikLite;-0.28116;-0.70026;0.03463;-0.52888;-2.43824;0.32016
2022.07_16-08-2022;Республика Саха (Якутия);105_165_days;SputnikV;-0.04334;-0.28811;0.15491;-0.12876;-1.12626;0.40078
2022.07_16-08-2022;Республика Саха (Якутия);165_195_days;AllVaccines;0.02021;-0.18756;0.19164;0.57544;-0.02961;0.82493
2022.07_16-08-2022;Республика Саха (Якутия);165_195_days;CoviVac;-0.90905;-6.6378;0.52284;NULL;NULL;NULL
2022.07_16-08-2022;Республика Саха (Якутия);165_195_days;EpiVacCorona;-1.05847;-5.38702;0.33658;NULL;NULL;NULL
2022.07_16-08-2022;Республика Саха (Якутия);165_195_days;SputnikLite;0.11566;-0.12563;0.30523;0.50159;-0.3391;0.81449
2022.07_16-08-2022;Республика Саха (Якутия);165_195_days;SputnikV;-0.22114;-0.67584;0.11019;0.39739;-1.42355;0.85016
2022.07_16-08-2022;Республика Саха (Якутия);21_45_days;AllVaccines;0.44679;-0.33037;0.76996;NULL;NULL;NULL
2022.07_16-08-2022;Республика Саха (Якутия);21_45_days;CoviVac;NULL;NULL;NULL;NULL;NULL;NULL
2022.07_16-08-2022;Республика Саха (Якутия);21_45_days;EpiVacCorona;-0.04533;-3.18219;0.73872;NULL;NULL;NULL
2022.07_16-08-2022;Республика Саха (Якутия);21_45_days;SputnikLite;NULL;NULL;NULL;NULL;NULL;NULL
2022.07_16-08-2022;Республика Саха (Якутия);21_45_days;SputnikV;0.37106;-0.67717;0.76415;NULL;NULL;NULL
2022.07_16-08-2022;Республика Саха (Якутия);45_75_days;AllVaccines;-0.0478;-0.77201;0.38042;NULL;NULL;NULL
2022.07_16-08-2022;Республика Саха (Якутия);45_75_days;CoviVac;NULL;NULL;NULL;NULL;NULL;NULL
2022.07_16-08-2022;Республика Саха (Якутия);45_75_days;EpiVacCorona;NULL;NULL;NULL;NULL;NULL;NULL
2022.07_16-08-2022;Республика Саха (Якутия);45_75_days;SputnikLite;-1.96756;-10.87272;0.25827;NULL;NULL;NULL
2022.07_16-08-2022;Республика Саха (Якутия);45_75_days;SputnikV;-0.21431;-1.09448;0.29599;NULL;NULL;NULL
2022.07_16-08-2022;Республика Саха (Якутия);75_90_days;AllVaccines;-1.24275;-2.52264;-0.42789;-5.99384;-14.7282;-2.10995
2022.07_16-08-2022;Республика Саха (Якутия);75_90_days;CoviVac;-8.12429;-35.5048;-1.28059;NULL;NULL;NULL
2022.07_16-08-2022;Республика Саха (Якутия);75_90_days;EpiVacCorona;-0.8871;-6.54997;0.52832;NULL;NULL;NULL
2022.07_16-08-2022;Республика Саха (Якутия);75_90_days;SputnikLite;-3.05741;-9.81976;-0.52153;-18.82284;-78.72268;-3.9289
2022.07_16-08-2022;Республика Саха (Якутия);75_90_days;SputnikV;-1.24981;-2.8048;-0.33033;-6.9178;-18.20154;-2.26492
2022.07_16-08-2022;Республика Саха (Якутия);90_105_days;AllVaccines;-0.36181;-1.19446;0.1549;-0.55665;-5.26046;0.61294
2022.07_16-08-2022;Республика Саха (Якутия);90_105_days;CoviVac;NULL;NULL;NULL;NULL;NULL;NULL
2022.07_16-08-2022;Республика Саха (Якутия);90_105_days;EpiVacCorona;NULL;NULL;NULL;NULL;NULL;NULL
2022.07_16-08-2022;Республика Саха (Якутия);90_105_days;SputnikLite;-1.39763;-4.76586;0.00299;NULL;NULL;NULL
2022.07_16-08-2022;Республика Саха (Якутия);90_105_days;SputnikV;-0.4552;-1.50998;0.15633;-1.179;-7.76342;0.4582
2022.07_16-08-2022;Республика Северная Осетия - Алания;105_165_days;AllVaccines;-0.40683;-1.57334;0.23089;NULL;NULL;NULL
2022.07_16-08-2022;Республика Северная Осетия - Алания;105_165_days;CoviVac;NULL;NULL;NULL;NULL;NULL;NULL
2022.07_16-08-2022;Республика Северная Осетия - Алания;105_165_days;EpiVacCorona;-7.32043;-24.96845;-1.66591;NULL;NULL;NULL
2022.07_16-08-2022;Республика Северная Осетия - Алания;105_165_days;SputnikLite;0.25588;-1.9913;0.81489;NULL;NULL;NULL
2022.07_16-08-2022;Республика Северная Осетия - Алания;105_165_days;SputnikV;-0.7039;-2.44451;0.15713;NULL;NULL;NULL
2022.07_16-08-2022;Республика Северная Осетия - Алания;165_195_days;AllVaccines;-0.17953;-1.38447;0.41652;NULL;NULL;NULL
2022.07_16-08-2022;Республика Северная Осетия - Алания;165_195_days;CoviVac;NULL;NULL;NULL;NULL;NULL;NULL
2022.07_16-08-2022;Республика Северная Осетия - Алания;165_195_days;EpiVacCorona;-0.68225;-5.76255;0.58152;NULL;NULL;NULL
2022.07_16-08-2022;Республика Северная Осетия - Алания;165_195_days;SputnikLite;-0.50844;-2.65519;0.37749;NULL;NULL;NULL
2022.07_16-08-2022;Республика Северная Осетия - Алания;165_195_days;SputnikV;-0.33988;-3.18184;0.57069;NULL;NULL;NULL
2022.07_16-08-2022;Республика Северная Осетия - Алания;21_45_days;AllVaccines;-1.00959;-5.27203;0.35612;NULL;NULL;NULL
2022.07_16-08-2022;Республика Северная Осетия - Алания;21_45_days;CoviVac;NULL;NULL;NULL;NULL;NULL;NULL
2022.07_16-08-2022;Республика Северная Осетия - Алания;21_45_days;EpiVacCorona;NULL;NULL;NULL;NULL;NULL;NULL
2022.07_16-08-2022;Республика Северная Осетия - Алания;21_45_days;SputnikLite;-17.66681;-74.03933;-3.64356;NULL;NULL;NULL
2022.07_16-08-2022;Республика Северная Осетия - Алания;21_45_days;SputnikV;-0.50283;-5.04127;0.62616;NULL;NULL;NULL
2022.07_16-08-2022;Республика Северная Осетия - Алания;45_75_days;AllVaccines;-0.77449;-4.53825;0.43145;NULL;NULL;NULL
2022.07_16-08-2022;Республика Северная Осетия - Алания;45_75_days;CoviVac;NULL;NULL;NULL;NULL;NULL;NULL
2022.07_16-08-2022;Республика Северная Осетия - Алания;45_75_days;EpiVacCorona;NULL;NULL;NULL;NULL;NULL;NULL
2022.07_16-08-2022;Республика Северная Осетия - Алания;45_75_days;SputnikLite;NULL;NULL;NULL;NULL;NULL;NULL
2022.07_16-08-2022;Республика Северная Осетия - Алания;45_75_days;SputnikV;-1.11366;-5.59684;0.32277;NULL;NULL;NULL
2022.07_16-08-2022;Республика Северная Осетия - Алания;75_90_days;AllVaccines;-2.69148;-10.52129;-0.18277;NULL;NULL;NULL
2022.07_16-08-2022;Республика Северная Осетия - Алания;75_90_days;CoviVac;-12.15494;-51.88196;-2.27243;NULL;NULL;NULL
2022.07_16-08-2022;Республика Северная Осетия - Алания;75_90_days;EpiVacCorona;NULL;NULL;NULL;NULL;NULL;NULL
2022.07_16-08-2022;Республика Северная Осетия - Алания;75_90_days;SputnikLite;NULL;NULL;NULL;NULL;NULL;NULL
2022.07_16-08-2022;Республика Северная Осетия - Алания;75_90_days;SputnikV;-2.33819;-12.41932;0.16959;NULL;NULL;NULL
2022.07_16-08-2022;Республика Северная Осетия - Алания;90_105_days;AllVaccines;NULL;NULL;NULL;NULL;NULL;NULL
2022.07_16-08-2022;Республика Северная Осетия - Алания;90_105_days;CoviVac;NULL;NULL;NULL;NULL;NULL;NULL
2022.07_16-08-2022;Республика Северная Осетия - Алания;90_105_days;EpiVacCorona;NULL;NULL;NULL;NULL;NULL;NULL
2022.07_16-08-2022;Республика Северная Осетия - Алания;90_105_days;SputnikLite;NULL;NULL;NULL;NULL;NULL;NULL
2022.07_16-08-2022;Республика Северная Осетия - Алания;90_105_days;SputnikV;NULL;NULL;NULL;NULL;NULL;NULL
2022.07_16-08-2022;Республика Татарстан;105_165_days;AllVaccines;-0.24794;-0.49569;-0.04124;-0.57247;-1.53793;0.02572
2022.07_16-08-2022;Республика Татарстан;105_165_days;CoviVac;-4.01619;-11.06336;-1.08584;NULL;NULL;NULL
2022.07_16-08-2022;Республика Татарстан;105_165_days;EpiVacCorona;-0.48071;-3.59447;0.52279;NULL;NULL;NULL
2022.07_16-08-2022;Республика Татарстан;105_165_days;SputnikLite;-0.32631;-0.74171;-0.00999;-0.50374;-2.18627;0.29031
2022.07_16-08-2022;Республика Татарстан;105_165_days;SputnikV;-0.15752;-0.4787;0.0939;-0.83183;-2.26914;-0.02645
2022.07_16-08-2022;Республика Татарстан;165_195_days;AllVaccines;0.03174;-0.23473;0.2407;0.01001;-1.00115;0.51024
2022.07_16-08-2022;Республика Татарстан;165_195_days;CoviVac;-4.8622;-22.45414;-0.46522;NULL;NULL;NULL
2022.07_16-08-2022;Республика Татарстан;165_195_days;EpiVacCorona;-1.53216;-6.85699;0.18393;NULL;NULL;NULL
2022.07_16-08-2022;Республика Татарстан;165_195_days;SputnikLite;-0.08778;-0.48711;0.20432;-0.16502;-1.82286;0.51918
2022.07_16-08-2022;Республика Татарстан;165_195_days;SputnikV;0.1898;-0.20168;0.45375;-0.11393;-1.9905;0.58507
2022.07_16-08-2022;Республика Татарстан;21_45_days;AllVaccines;0.32551;-0.2553;0.63759;-0.74377;-4.44211;0.44126
2022.07_16-08-2022;Республика Татарстан;21_45_days;CoviVac;NULL;NULL;NULL;NULL;NULL;NULL
2022.07_16-08-2022;Республика Татарстан;21_45_days;EpiVacCorona;NULL;NULL;NULL;NULL;NULL;NULL
2022.07_16-08-2022;Республика Татарстан;21_45_days;SputnikLite;-0.40508;-3.35978;0.54717;NULL;NULL;NULL
2022.07_16-08-2022;Республика Татарстан;21_45_days;SputnikV;0.28923;-0.42301;0.64498;-1.29901;-6.17496;0.26335
2022.07_16-08-2022;Республика Татарстан;45_75_days;AllVaccines;-0.30292;-1.09967;0.19149;-0.31176;-4.27297;0.67367
2022.07_16-08-2022;Республика Татарстан;45_75_days;CoviVac;NULL;NULL;NULL;NULL;NULL;NULL
2022.07_16-08-2022;Республика Татарстан;45_75_days;EpiVacCorona;NULL;NULL;NULL;NULL;NULL;NULL
2022.07_16-08-2022;Республика Татарстан;45_75_days;SputnikLite;-0.57872;-2.16072;0.21145;NULL;NULL;NULL
2022.07_16-08-2022;Республика Татарстан;45_75_days;SputnikV;-0.40255;-1.61032;0.2464;-1.40807;-8.67989;0.40094
2022.07_16-08-2022;Республика Татарстан;75_90_days;AllVaccines;0.17088;-0.84751;0.62791;NULL;NULL;NULL
2022.07_16-08-2022;Республика Татарстан;75_90_days;CoviVac;NULL;NULL;NULL;NULL;NULL;NULL
2022.07_16-08-2022;Республика Татарстан;75_90_days;EpiVacCorona;NULL;NULL;NULL;NULL;NULL;NULL
2022.07_16-08-2022;Республика Татарстан;75_90_days;SputnikLite;-0.5158;-2.64532;0.3697;NULL;NULL;NULL
2022.07_16-08-2022;Республика Татарстан;75_90_days;SputnikV;0.42414;-1.30397;0.85607;NULL;NULL;NULL
2022.07_16-08-2022;Республика Татарстан;90_105_days;AllVaccines;-0.17689;-1.07547;0.33265;-0.68235;-5.76264;0.58148
2022.07_16-08-2022;Республика Татарстан;90_105_days;CoviVac;NULL;NULL;NULL;NULL;NULL;NULL
2022.07_16-08-2022;Республика Татарстан;90_105_days;EpiVacCorona;-1.31642;-8.26781;0.42103;NULL;NULL;NULL
2022.07_16-08-2022;Республика Татарстан;90_105_days;SputnikLite;-0.15303;-1.77289;0.52055;NULL;NULL;NULL
2022.07_16-08-2022;Республика Татарстан;90_105_days;SputnikV;-0.42446;-1.99141;0.3217;-2.49853;-13.06326;0.12967
2022.07_16-08-2022;Республика Тыва;105_165_days;AllVaccines;0.08195;-1.00203;0.57902;0.22502;-2.29566;0.81776
2022.07_16-08-2022;Республика Тыва;105_165_days;CoviVac;NULL;NULL;NULL;NULL;NULL;NULL
2022.07_16-08-2022;Республика Тыва;105_165_days;EpiVacCorona;NULL;NULL;NULL;NULL;NULL;NULL
2022.07_16-08-2022;Республика Тыва;105_165_days;SputnikLite;0.2376;-1.42212;0.76002;-0.59411;-5.77912;0.62514
2022.07_16-08-2022;Республика Тыва;105_165_days;SputnikV;-0.48839;-2.69262;0.40007;NULL;NULL;NULL
2022.07_16-08-2022;Республика Тыва;165_195_days;AllVaccines;-0.03089;-1.55757;0.58448;-0.25581;-4.34043;0.7047
2022.07_16-08-2022;Республика Тыва;165_195_days;CoviVac;NULL;NULL;NULL;NULL;NULL;NULL
2022.07_16-08-2022;Республика Тыва;165_195_days;EpiVacCorona;NULL;NULL;NULL;NULL;NULL;NULL
2022.07_16-08-2022;Республика Тыва;165_195_days;SputnikLite;-0.0383;-1.84612;0.62122;-0.60464;-5.82389;0.62267
2022.07_16-08-2022;Республика Тыва;165_195_days;SputnikV;-1.11913;-7.64137;0.48033;NULL;NULL;NULL
2022.07_16-08-2022;Республика Тыва;21_45_days;AllVaccines;-0.6971;-5.92043;0.58382;NULL;NULL;NULL
2022.07_16-08-2022;Республика Тыва;21_45_days;CoviVac;NULL;NULL;NULL;NULL;NULL;NULL
2022.07_16-08-2022;Республика Тыва;21_45_days;EpiVacCorona;NULL;NULL;NULL;NULL;NULL;NULL
2022.07_16-08-2022;Республика Тыва;21_45_days;SputnikLite;NULL;NULL;NULL;NULL;NULL;NULL
2022.07_16-08-2022;Республика Тыва;21_45_days;SputnikV;-2.70996;-14.12845;0.09021;NULL;NULL;NULL
2022.07_16-08-2022;Республика Тыва;45_75_days;AllVaccines;-0.42075;-4.79355;0.65159;NULL;NULL;NULL
2022.07_16-08-2022;Республика Тыва;45_75_days;CoviVac;NULL;NULL;NULL;NULL;NULL;NULL
2022.07_16-08-2022;Республика Тыва;45_75_days;EpiVacCorona;-5.62759;-26.02597;-0.62529;NULL;NULL;NULL
2022.07_16-08-2022;Республика Тыва;45_75_days;SputnikLite;NULL;NULL;NULL;NULL;NULL;NULL
2022.07_16-08-2022;Республика Тыва;45_75_days;SputnikV;NULL;NULL;NULL;NULL;NULL;NULL
2022.07_16-08-2022;Республика Тыва;75_90_days;AllVaccines;NULL;NULL;NULL;NULL;NULL;NULL
2022.07_16-08-2022;Республика Тыва;75_90_days;CoviVac;NULL;NULL;NULL;NULL;NULL;NULL
2022.07_16-08-2022;Республика Тыва;75_90_days;EpiVacCorona;NULL;NULL;NULL;NULL;NULL;NULL
2022.07_16-08-2022;Республика Тыва;75_90_days;SputnikLite;NULL;NULL;NULL;NULL;NULL;NULL
2022.07_16-08-2022;Республика Тыва;75_90_days;SputnikV;NULL;NULL;NULL;NULL;NULL;NULL
2022.07_16-08-2022;Республика Тыва;90_105_days;AllVaccines;-2.06553;-8.73904;0.03507;-5.40974;-26.25801;-0.50725
2022.07_16-08-2022;Республика Тыва;90_105_days;CoviVac;NULL;NULL;NULL;NULL;NULL;NULL
2022.07_16-08-2022;Республика Тыва;90_105_days;EpiVacCorona;NULL;NULL;NULL;NULL;NULL;NULL
2022.07_16-08-2022;Республика Тыва;90_105_days;SputnikLite;NULL;NULL;NULL;NULL;NULL;NULL
2022.07_16-08-2022;Республика Тыва;90_105_days;SputnikV;-6.51573;-22.87715;-1.3657;-14.71471;-65.82827;-2.69532
2022.07_16-08-2022;Республика Хакасия;105_165_days;AllVaccines;-0.29231;-1.11678;0.21104;-0.42697;-3.63965;0.56112
2022.07_16-08-2022;Республика Хакасия;105_165_days;CoviVac;NULL;NULL;NULL;NULL;NULL;NULL
2022.07_16-08-2022;Республика Хакасия;105_165_days;EpiVacCorona;NULL;NULL;NULL;NULL;NULL;NULL
2022.07_16-08-2022;Республика Хакасия;105_165_days;SputnikLite;0.26436;-0.78416;0.69668;NULL;NULL;NULL
2022.07_16-08-2022;Республика Хакасия;105_165_days;SputnikV;-1.34037;-3.094;-0.33789;-2.44111;-10.18841;-0.05835
2022.07_16-08-2022;Республика Хакасия;165_195_days;AllVaccines;-0.51057;-1.50924;0.09064;-1.44356;-5.88595;0.13287
2022.07_16-08-2022;Республика Хакасия;165_195_days;CoviVac;-10.63132;-45.78084;-1.89194;NULL;NULL;NULL
2022.07_16-08-2022;Республика Хакасия;165_195_days;EpiVacCorona;-4.60166;-21.52971;-0.39276;-35.41079;-150.22153;-7.76691
2022.07_16-08-2022;Республика Хакасия;165_195_days;SputnikLite;-0.83188;-2.14377;-0.06744;-1.48986;-7.09552;0.23422
2022.07_16-08-2022;Республика Хакасия;165_195_days;SputnikV;NULL;NULL;NULL;NULL;NULL;NULL
2022.07_16-08-2022;Республика Хакасия;21_45_days;AllVaccines;NULL;NULL;NULL;NULL;NULL;NULL
2022.07_16-08-2022;Республика Хакасия;21_45_days;EpiVacCorona;NULL;NULL;NULL;NULL;NULL;NULL
2022.07_16-08-2022;Республика Хакасия;21_45_days;SputnikLite;NULL;NULL;NULL;NULL;NULL;NULL
2022.07_16-08-2022;Республика Хакасия;21_45_days;SputnikV;NULL;NULL;NULL;NULL;NULL;NULL
2022.07_16-08-2022;Республика Хакасия;45_75_days;AllVaccines;-1.21948;-7.92668;0.44816;NULL;NULL;NULL
2022.07_16-08-2022;Республика Хакасия;45_75_days;CoviVac;NULL;NULL;NULL;NULL;NULL;NULL
2022.07_16-08-2022;Республика Хакасия;45_75_days;EpiVacCorona;NULL;NULL;NULL;NULL;NULL;NULL
2022.07_16-08-2022;Республика Хакасия;45_75_days;SputnikLite;NULL;NULL;NULL;NULL;NULL;NULL
2022.07_16-08-2022;Республика Хакасия;45_75_days;SputnikV;-1.67854;-9.77302;0.33402;NULL;NULL;NULL
2022.07_16-08-2022;Республика Хакасия;75_90_days;AllVaccines;NULL;NULL;NULL;NULL;NULL;NULL
2022.07_16-08-2022;Республика Хакасия;75_90_days;CoviVac;NULL;NULL;NULL;NULL;NULL;NULL
2022.07_16-08-2022;Республика Хакасия;75_90_days;EpiVacCorona;NULL;NULL;NULL;NULL;NULL;NULL
2022.07_16-08-2022;Республика Хакасия;75_90_days;SputnikLite;NULL;NULL;NULL;NULL;NULL;NULL
2022.07_16-08-2022;Республика Хакасия;75_90_days;SputnikV;NULL;NULL;NULL;NULL;NULL;NULL
2022.07_16-08-2022;Республика Хакасия;90_105_days;AllVaccines;-2.98333;-11.44058;-0.27541;NULL;NULL;NULL
2022.07_16-08-2022;Республика Хакасия;90_105_days;CoviVac;NULL;NULL;NULL;NULL;NULL;NULL
2022.07_16-08-2022;Республика Хакасия;90_105_days;EpiVacCorona;-49.82679;-203.42391;-11.63728;NULL;NULL;NULL
2022.07_16-08-2022;Республика Хакасия;90_105_days;SputnikLite;NULL;NULL;NULL;NULL;NULL;NULL
2022.07_16-08-2022;Республика Хакасия;90_105_days;SputnikV;-2.48995;-13.03649;0.13228;NULL;NULL;NULL
2022.07_16-08-2022;Ростовская область;105_165_days;AllVaccines;0.12092;-0.04304;0.25911;0.24324;-0.32326;0.56722
2022.07_16-08-2022;Ростовская область;105_165_days;CoviVac;-1.46878;-4.93707;-0.02658;NULL;NULL;NULL
2022.07_16-08-2022;Ростовская область;105_165_days;EpiVacCorona;0.48169;-0.38219;0.80564;-1.4393;-8.80977;0.39344
2022.07_16-08-2022;Ростовская область;105_165_days;SputnikLite;0.06528;-0.23379;0.29185;-0.38603;-1.80426;0.31494
2022.07_16-08-2022;Ростовская область;105_165_days;SputnikV;0.1186;-0.09741;0.29209;0.5116;-0.18424;0.79858
2022.07_16-08-2022;Ростовская область;165_195_days;AllVaccines;-0.15744;-0.42142;0.05751;0.2132;-0.66857;0.62899
2022.07_16-08-2022;Ростовская область;165_195_days;CoviVac;-3.90239;-14.21142;-0.57996;-29.77614;-122.76768;-6.65281
2022.07_16-08-2022;Ростовская область;165_195_days;EpiVacCorona;-3.01442;-9.70532;-0.50538;NULL;NULL;NULL
2022.07_16-08-2022;Ростовская область;165_195_days;SputnikLite;-0.26138;-0.64832;0.03473;0.57801;-0.69705;0.89507
2022.07_16-08-2022;Ростовская область;165_195_days;SputnikV;0.03052;-0.34755;0.30253;-0.26525;-2.06789;0.47819
2022.07_16-08-2022;Ростовская область;21_45_days;AllVaccines;-0.23241;-0.77763;0.14559;-0.5956;-3.28633;0.40604
2022.07_16-08-2022;Ростовская область;21_45_days;CoviVac;NULL;NULL;NULL;NULL;NULL;NULL
2022.07_16-08-2022;Ростовская область;21_45_days;EpiVacCorona;-1.68823;-4.64533;-0.2801;-6.21982;-28.03483;-0.79528
2022.07_16-08-2022;Ростовская область;21_45_days;SputnikLite;NULL;NULL;NULL;NULL;NULL;NULL
2022.07_16-08-2022;Ростовская область;21_45_days;SputnikV;-0.17219;-0.76764;0.22268;-0.43298;-3.47463;0.54109
2022.07_16-08-2022;Ростовская область;45_75_days;AllVaccines;0.11074;-0.32956;0.40523;-1.10917;-3.7424;0.06195
2022.07_16-08-2022;Ростовская область;45_75_days;CoviVac;NULL;NULL;NULL;NULL;NULL;NULL
2022.07_16-08-2022;Ростовская область;45_75_days;EpiVacCorona;-1.13202;-4.6855;0.20051;-9.03383;-39.35151;-1.49502
2022.07_16-08-2022;Ростовская область;45_75_days;SputnikLite;-0.61061;-3.9975;0.48093;NULL;NULL;NULL
2022.07_16-08-2022;Ростовская область;45_75_days;SputnikV;0.09676;-0.41876;0.42496;-1.25059;-4.45706;0.07182
2022.07_16-08-2022;Ростовская область;75_90_days;AllVaccines;0.24957;-0.32337;0.57447;-0.17306;-3.71752;0.70831
2022.07_16-08-2022;Ростовская область;75_90_days;CoviVac;NULL;NULL;NULL;NULL;NULL;NULL
2022.07_16-08-2022;Ростовская область;75_90_days;EpiVacCorona;NULL;NULL;NULL;NULL;NULL;NULL
2022.07_16-08-2022;Ростовская область;75_90_days;SputnikLite;-2.51799;-6.83896;-0.57882;NULL;NULL;NULL
2022.07_16-08-2022;Ростовская область;75_90_days;SputnikV;0.42643;-0.2045;0.72688;-0.54043;-5.19493;0.61695
