data_point;region;vac_interval_group;vaccine;ve_zab_18_59;cil_zab_18_59;cih_zab_18_59
2022.07_16-08-2022;Новгородская область;90_105_days;EpiVacCorona;NULL;NULL;NULL
2022.07_16-08-2022;Новгородская область;90_105_days;SputnikLite;NULL;NULL;NULL
2022.07_16-08-2022;Новгородская область;90_105_days;SputnikV;-0.97449;-6.91367;0.50736
2022.07_16-08-2022;Новосибирская область;105_165_days;AllVaccines;0.1792;-0.00434;0.3292
2022.07_16-08-2022;Новосибирская область;105_165_days;CoviVac;-0.02811;-2.18979;0.66863
2022.07_16-08-2022;Новосибирская область;105_165_days;EpiVacCorona;-0.21035;-2.22728;0.54607
2022.07_16-08-2022;Новосибирская область;105_165_days;SputnikLite;0.34285;0.06875;0.53627
2022.07_16-08-2022;Новосибирская область;105_165_days;SputnikV;0.02916;-0.24898;0.24536
2022.07_16-08-2022;Новосибирская область;165_195_days;AllVaccines;-0.10739;-0.3137;0.06652
2022.07_16-08-2022;Новосибирская область;165_195_days;CoviVac;-1.16091;-5.7044;0.30351
2022.07_16-08-2022;Новосибирская область;165_195_days;EpiVacCorona;-0.57233;-3.19246;0.41032
2022.07_16-08-2022;Новосибирская область;165_195_days;SputnikLite;-0.18934;-0.46929;0.03728
2022.07_16-08-2022;Новосибирская область;165_195_days;SputnikV;0.02159;-0.30961;0.26903
2022.07_16-08-2022;Новосибирская область;21_45_days;AllVaccines;-0.32254;-1.33182;0.24989
2022.07_16-08-2022;Новосибирская область;21_45_days;CoviVac;NULL;NULL;NULL
2022.07_16-08-2022;Новосибирская область;21_45_days;EpiVacCorona;-1.18182;-5.76929;0.29677
2022.07_16-08-2022;Новосибирская область;21_45_days;SputnikLite;NULL;NULL;NULL
2022.07_16-08-2022;Новосибирская область;21_45_days;SputnikV;-0.36906;-1.54748;0.26424
2022.07_16-08-2022;Новосибирская область;45_75_days;AllVaccines;-0.11088;-0.95864;0.36994
2022.07_16-08-2022;Новосибирская область;45_75_days;CoviVac;NULL;NULL;NULL
2022.07_16-08-2022;Новосибирская область;45_75_days;EpiVacCorona;-0.91329;-4.93615;0.38332
2022.07_16-08-2022;Новосибирская область;45_75_days;SputnikLite;NULL;NULL;NULL
2022.07_16-08-2022;Новосибирская область;45_75_days;SputnikV;-0.31909;-1.4545;0.2911
2022.07_16-08-2022;Новосибирская область;75_90_days;AllVaccines;0.07065;-1.07051;0.58287
2022.07_16-08-2022;Новосибирская область;75_90_days;CoviVac;NULL;NULL;NULL
2022.07_16-08-2022;Новосибирская область;75_90_days;EpiVacCorona;NULL;NULL;NULL
2022.07_16-08-2022;Новосибирская область;75_90_days;SputnikLite;NULL;NULL;NULL
2022.07_16-08-2022;Новосибирская область;75_90_days;SputnikV;-0.13514;-1.52901;0.49049
2022.07_16-08-2022;Новосибирская область;90_105_days;AllVaccines;-0.38666;-1.39133;0.19592
2022.07_16-08-2022;Новосибирская область;90_105_days;CoviVac;NULL;NULL;NULL
2022.07_16-08-2022;Новосибирская область;90_105_days;EpiVacCorona;-4.91792;-17.36085;-0.90742
2022.07_16-08-2022;Новосибирская область;90_105_days;SputnikLite;NULL;NULL;NULL
2022.07_16-08-2022;Новосибирская область;90_105_days;SputnikV;-0.45092;-1.6232;0.19748
2022.07_16-08-2022;Омская область;105_165_days;AllVaccines;-0.07069;-0.32068;0.13199
2022.07_16-08-2022;Омская область;105_165_days;CoviVac;-1.12734;-5.60343;0.31467
2022.07_16-08-2022;Омская область;105_165_days;EpiVacCorona;-0.6886;-2.76465;0.24259
2022.07_16-08-2022;Омская область;105_165_days;SputnikLite;-0.17588;-0.60984;0.14109
2022.07_16-08-2022;Омская область;105_165_days;SputnikV;0.02346;-0.30569;0.26964
2022.07_16-08-2022;Омская область;165_195_days;AllVaccines;0.01626;-0.25904;0.23136
2022.07_16-08-2022;Омская область;165_195_days;CoviVac;NULL;NULL;NULL
2022.07_16-08-2022;Омская область;165_195_days;EpiVacCorona;-2.49741;-6.00643;-0.7458
2022.07_16-08-2022;Омская область;165_195_days;SputnikLite;0.11135;-0.26135;0.37392
2022.07_16-08-2022;Омская область;165_195_days;SputnikV;0.00489;-0.44629;0.31532
2022.07_16-08-2022;Омская область;21_45_days;AllVaccines;-0.6087;-1.47478;-0.04572
2022.07_16-08-2022;Омская область;21_45_days;CoviVac;NULL;NULL;NULL
2022.07_16-08-2022;Омская область;21_45_days;EpiVacCorona;-0.43516;-2.82886;0.46206
2022.07_16-08-2022;Омская область;21_45_days;SputnikLite;-6.8529;-23.37606;-1.52986
2022.07_16-08-2022;Омская область;21_45_days;SputnikV;-0.64214;-1.68754;-0.00339
2022.07_16-08-2022;Омская область;45_75_days;AllVaccines;0.09307;-0.68907;0.51304
2022.07_16-08-2022;Омская область;45_75_days;CoviVac;-2.6878;-13.75885;0.07853
2022.07_16-08-2022;Омская область;45_75_days;EpiVacCorona;NULL;NULL;NULL
2022.07_16-08-2022;Омская область;45_75_days;SputnikLite;-3.84006;-14.02395;-0.55926
2022.07_16-08-2022;Омская область;45_75_days;SputnikV;0.16725;-0.74982;0.60369
2022.07_16-08-2022;Омская область;75_90_days;AllVaccines;-0.81375;-2.28224;-0.00227
2022.07_16-08-2022;Омская область;75_90_days;CoviVac;-2.92349;-14.70211;0.01963
2022.07_16-08-2022;Омская область;75_90_days;EpiVacCorona;NULL;NULL;NULL
2022.07_16-08-2022;Омская область;75_90_days;SputnikLite;-1.3654;-8.46649;0.40896
2022.07_16-08-2022;Омская область;75_90_days;SputnikV;-1.23068;-3.29563;-0.15838
2022.07_16-08-2022;Омская область;90_105_days;AllVaccines;0.03553;-0.93214;0.51857
2022.07_16-08-2022;Омская область;90_105_days;CoviVac;NULL;NULL;NULL
2022.07_16-08-2022;Омская область;90_105_days;EpiVacCorona;-1.28128;-8.12985;0.42998
2022.07_16-08-2022;Омская область;90_105_days;SputnikLite;NULL;NULL;NULL
2022.07_16-08-2022;Омская область;90_105_days;SputnikV;-0.27977;-1.6891;0.39095
2022.07_16-08-2022;Оренбургская область;105_165_days;AllVaccines;0.31152;0.0063;0.52299
2022.07_16-08-2022;Оренбургская область;105_165_days;CoviVac;-2.52424;-9.95759;-0.13348
2022.07_16-08-2022;Оренбургская область;105_165_days;EpiVacCorona;NULL;NULL;NULL
2022.07_16-08-2022;Оренбургская область;105_165_days;SputnikLite;0.51968;0.12801;0.73543
2022.07_16-08-2022;Оренбургская область;105_165_days;SputnikV;-0.01578;-0.62348;0.36445
2022.07_16-08-2022;Оренбургская область;165_195_days;AllVaccines;-0.01523;-0.43476;0.28162
2022.07_16-08-2022;Оренбургская область;165_195_days;CoviVac;-5.17765;-23.75626;-0.54156
2022.07_16-08-2022;Оренбургская область;165_195_days;EpiVacCorona;-1.02652;-5.30088;0.34822
2022.07_16-08-2022;Оренбургская область;165_195_days;SputnikLite;0.05906;-0.42719;0.37964
2022.07_16-08-2022;Оренбургская область;165_195_days;SputnikV;-0.23243;-1.38016;0.36185
2022.07_16-08-2022;Оренбургская область;21_45_days;AllVaccines;-0.27097;-2.06456;0.47289
2022.07_16-08-2022;Оренбургская область;21_45_days;CoviVac;NULL;NULL;NULL
2022.07_16-08-2022;Оренбургская область;21_45_days;EpiVacCorona;NULL;NULL;NULL
2022.07_16-08-2022;Оренбургская область;21_45_days;SputnikLite;-44.51084;-181.37971;-10.35673
2022.07_16-08-2022;Оренбургская область;21_45_days;SputnikV;-0.13169;-2.02501;0.57662
2022.07_16-08-2022;Оренбургская область;45_75_days;AllVaccines;-0.49875;-2.34921;0.32932
2022.07_16-08-2022;Оренбургская область;45_75_days;CoviVac;NULL;NULL;NULL
2022.07_16-08-2022;Оренбургская область;45_75_days;EpiVacCorona;-9.12559;-39.57718;-1.52673
2022.07_16-08-2022;Оренбургская область;45_75_days;SputnikLite;NULL;NULL;NULL
2022.07_16-08-2022;Оренбургская область;45_75_days;SputnikV;-0.44638;-2.4875;0.40014
2022.07_16-08-2022;Оренбургская область;75_90_days;AllVaccines;-1.41687;-4.40092;-0.08153
2022.07_16-08-2022;Оренбургская область;75_90_days;CoviVac;-7.80222;-34.27392;-1.1965
2022.07_16-08-2022;Оренбургская область;75_90_days;EpiVacCorona;NULL;NULL;NULL
2022.07_16-08-2022;Оренбургская область;75_90_days;SputnikLite;NULL;NULL;NULL
2022.07_16-08-2022;Оренбургская область;75_90_days;SputnikV;-1.41465;-4.82221;-0.00143
2022.07_16-08-2022;Оренбургская область;90_105_days;AllVaccines;-0.42998;-2.44797;0.40694
2022.07_16-08-2022;Оренбургская область;90_105_days;CoviVac;NULL;NULL;NULL
2022.07_16-08-2022;Оренбургская область;90_105_days;EpiVacCorona;NULL;NULL;NULL
2022.07_16-08-2022;Оренбургская область;90_105_days;SputnikLite;NULL;NULL;NULL
2022.07_16-08-2022;Оренбургская область;90_105_days;SputnikV;-0.62803;-2.92552;0.3248
2022.07_16-08-2022;Орловская область;105_165_days;AllVaccines;-0.26243;-0.95472;0.18468
2022.07_16-08-2022;Орловская область;105_165_days;CoviVac;-3.45401;-16.85978;-0.11077
2022.07_16-08-2022;Орловская область;105_165_days;EpiVacCorona;NULL;NULL;NULL
2022.07_16-08-2022;Орловская область;105_165_days;SputnikLite;-0.42253;-1.66094;0.23952
2022.07_16-08-2022;Орловская область;105_165_days;SputnikV;-0.35218;-1.45824;0.25622
2022.07_16-08-2022;Орловская область;165_195_days;AllVaccines;0.00727;-0.57045;0.37247
2022.07_16-08-2022;Орловская область;165_195_days;CoviVac;-6.46641;-22.23116;-1.39968
2022.07_16-08-2022;Орловская область;165_195_days;EpiVacCorona;-2.00063;-11.03198;0.25168
2022.07_16-08-2022;Орловская область;165_195_days;SputnikLite;0.02088;-0.73633;0.44787
2022.07_16-08-2022;Орловская область;165_195_days;SputnikV;0.14116;-1.07275;0.64414
2022.07_16-08-2022;Орловская область;21_45_days;AllVaccines;0.39784;-1.41457;0.84983
2022.07_16-08-2022;Орловская область;21_45_days;CoviVac;NULL;NULL;NULL
2022.07_16-08-2022;Орловская область;21_45_days;EpiVacCorona;NULL;NULL;NULL
2022.07_16-08-2022;Орловская область;21_45_days;SputnikLite;NULL;NULL;NULL
2022.07_16-08-2022;Орловская область;21_45_days;SputnikV;0.35231;-1.59711;0.83847
2022.07_16-08-2022;Орловская область;45_75_days;AllVaccines;-0.61509;-4.02522;0.48092
2022.07_16-08-2022;Орловская область;45_75_days;CoviVac;NULL;NULL;NULL
2022.07_16-08-2022;Орловская область;45_75_days;EpiVacCorona;-8.21267;-35.94119;-1.29753
2022.07_16-08-2022;Орловская область;45_75_days;SputnikLite;NULL;NULL;NULL
2022.07_16-08-2022;Орловская область;45_75_days;SputnikV;-0.33187;-4.34056;0.66785
2022.07_16-08-2022;Орловская область;75_90_days;AllVaccines;-0.32322;-4.30589;0.67
2022.07_16-08-2022;Орловская область;75_90_days;CoviVac;NULL;NULL;NULL
2022.07_16-08-2022;Орловская область;75_90_days;EpiVacCorona;NULL;NULL;NULL
2022.07_16-08-2022;Орловская область;75_90_days;SputnikLite;NULL;NULL;NULL
2022.07_16-08-2022;Орловская область;75_90_days;SputnikV;-0.67854;-5.73065;0.58139
2022.07_16-08-2022;Орловская область;90_105_days;AllVaccines;NULL;NULL;NULL
2022.07_16-08-2022;Орловская область;90_105_days;CoviVac;NULL;NULL;NULL
2022.07_16-08-2022;Орловская область;90_105_days;EpiVacCorona;NULL;NULL;NULL
2022.07_16-08-2022;Орловская область;90_105_days;SputnikLite;NULL;NULL;NULL
2022.07_16-08-2022;Орловская область;90_105_days;SputnikV;NULL;NULL;NULL
2022.07_16-08-2022;Пензенская область;105_165_days;AllVaccines;-0.13119;-0.43994;0.11136
2022.07_16-08-2022;Пензенская область;105_165_days;CoviVac;-1.1463;-4.73175;0.1963
2022.07_16-08-2022;Пензенская область;105_165_days;EpiVacCorona;-0.74194;-2.66502;0.17208
2022.07_16-08-2022;Пензенская область;105_165_days;SputnikLite;-0.16631;-0.67886;0.18975
2022.07_16-08-2022;Пензенская область;105_165_days;SputnikV;-0.04727;-0.47577;0.25681
2022.07_16-08-2022;Пензенская область;165_195_days;AllVaccines;0.02023;-0.35634;0.29225
2022.07_16-08-2022;Пензенская область;165_195_days;CoviVac;NULL;NULL;NULL
2022.07_16-08-2022;Пензенская область;165_195_days;EpiVacCorona;-1.40031;-6.457;0.22737
2022.07_16-08-2022;Пензенская область;165_195_days;SputnikLite;-0.02689;-0.50653;0.30005
2022.07_16-08-2022;Пензенская область;165_195_days;SputnikV;0.08103;-0.71418;0.50734
2022.07_16-08-2022;Пензенская область;21_45_days;AllVaccines;-0.19659;-0.81075;0.20927
2022.07_16-08-2022;Пензенская область;21_45_days;EpiVacCorona;-2.08298;-11.34708;0.2302
2022.07_16-08-2022;Пензенская область;21_45_days;SputnikLite;NULL;NULL;NULL
2022.07_16-08-2022;Пензенская область;21_45_days;SputnikV;-0.20618;-0.84187;0.21011
2022.07_16-08-2022;Пензенская область;45_75_days;AllVaccines;-0.21337;-0.85286;0.2054
2022.07_16-08-2022;Пензенская область;45_75_days;CoviVac;NULL;NULL;NULL
2022.07_16-08-2022;Пензенская область;45_75_days;EpiVacCorona;-0.94812;-4.20249;0.27051
2022.07_16-08-2022;Пензенская область;45_75_days;SputnikLite;-2.71109;-13.86259;0.07337
2022.07_16-08-2022;Пензенская область;45_75_days;SputnikV;-0.15642;-0.84452;0.27499
2022.07_16-08-2022;Пензенская область;75_90_days;AllVaccines;-0.03116;-0.82299;0.41673
2022.07_16-08-2022;Пензенская область;75_90_days;CoviVac;-5.61082;-25.47575;-0.65068
2022.07_16-08-2022;Пензенская область;75_90_days;EpiVacCorona;-1.25297;-8.02293;0.43745
2022.07_16-08-2022;Пензенская область;75_90_days;SputnikLite;NULL;NULL;NULL
2022.07_16-08-2022;Пензенская область;75_90_days;SputnikV;0.02244;-0.82346;0.47593
2022.07_16-08-2022;Пензенская область;90_105_days;AllVaccines;-0.03023;-0.78166;0.40428
2022.07_16-08-2022;Пензенская область;90_105_days;CoviVac;NULL;NULL;NULL
2022.07_16-08-2022;Пензенская область;90_105_days;EpiVacCorona;-3.03009;-11.52018;-0.29724
2022.07_16-08-2022;Пензенская область;90_105_days;SputnikLite;-4.24442;-15.2927;-0.68811
2022.07_16-08-2022;Пензенская область;90_105_days;SputnikV;0.18752;-0.5669;0.57871
2022.07_16-08-2022;Пермский край;105_165_days;AllVaccines;0.12778;-0.21561;0.37417
2022.07_16-08-2022;Пермский край;105_165_days;CoviVac;NULL;NULL;NULL
2022.07_16-08-2022;Пермский край;105_165_days;EpiVacCorona;-1.64335;-7.20817;0.14874
2022.07_16-08-2022;Пермский край;105_165_days;SputnikLite;0.09356;-0.48475;0.44662
2022.07_16-08-2022;Пермский край;105_165_days;SputnikV;0.11551;-0.39195;0.43797
2022.07_16-08-2022;Пермский край;165_195_days;AllVaccines;-0.02447;-0.38478;0.24209
2022.07_16-08-2022;Пермский край;165_195_days;CoviVac;-3.07959;-11.66799;-0.31379
2022.07_16-08-2022;Пермский край;165_195_days;EpiVacCorona;-3.03151;-11.5187;-0.2983
2022.07_16-08-2022;Пермский край;165_195_days;SputnikLite;0.12864;-0.31676;0.42339
2022.07_16-08-2022;Пермский край;165_195_days;SputnikV;-0.18802;-0.89261;0.25427
2022.07_16-08-2022;Пермский край;21_45_days;AllVaccines;0.06699;-1.8972;0.69953
2022.07_16-08-2022;Пермский край;21_45_days;CoviVac;NULL;NULL;NULL
2022.07_16-08-2022;Пермский край;21_45_days;EpiVacCorona;NULL;NULL;NULL
2022.07_16-08-2022;Пермский край;21_45_days;SputnikLite;-11.4844;-48.97906;-2.11851
2022.07_16-08-2022;Пермский край;21_45_days;SputnikV;0.23144;-2.0768;0.80802
2022.07_16-08-2022;Пермский край;45_75_days;AllVaccines;0.14767;-1.64668;0.72552
2022.07_16-08-2022;Пермский край;45_75_days;CoviVac;NULL;NULL;NULL
2022.07_16-08-2022;Пермский край;45_75_days;EpiVacCorona;NULL;NULL;NULL
2022.07_16-08-2022;Пермский край;45_75_days;SputnikLite;NULL;NULL;NULL
2022.07_16-08-2022;Пермский край;45_75_days;SputnikV;-0.17006;-2.63328;0.6232
2022.07_16-08-2022;Пермский край;75_90_days;AllVaccines;NULL;NULL;NULL
2022.07_16-08-2022;Пермский край;75_90_days;CoviVac;NULL;NULL;NULL
2022.07_16-08-2022;Пермский край;75_90_days;EpiVacCorona;NULL;NULL;NULL
2022.07_16-08-2022;Пермский край;75_90_days;SputnikLite;NULL;NULL;NULL
2022.07_16-08-2022;Пермский край;75_90_days;SputnikV;NULL;NULL;NULL
2022.07_16-08-2022;Пермский край;90_105_days;AllVaccines;0.06652;-1.89865;0.69938
2022.07_16-08-2022;Пермский край;90_105_days;CoviVac;NULL;NULL;NULL
2022.07_16-08-2022;Пермский край;90_105_days;EpiVacCorona;-10.35443;-44.45543;-1.83625
2022.07_16-08-2022;Пермский край;90_105_days;SputnikLite;NULL;NULL;NULL
2022.07_16-08-2022;Пермский край;90_105_days;SputnikV;0.16852;-2.32867;0.7923
2022.07_16-08-2022;Приморский край;105_165_days;AllVaccines;0.23316;-0.02293;0.42513
2022.07_16-08-2022;Приморский край;105_165_days;CoviVac;-1.65897;-9.64274;0.33569
2022.07_16-08-2022;Приморский край;105_165_days;EpiVacCorona;-0.21857;-1.93247;0.49363
2022.07_16-08-2022;Приморский край;105_165_days;SputnikLite;0.12436;-0.25752;0.39027
2022.07_16-08-2022;Приморский край;105_165_days;SputnikV;0.39291;-0.02791;0.64144
2022.07_16-08-2022;Приморский край;165_195_days;AllVaccines;-0.3534;-0.71891;-0.06561
2022.07_16-08-2022;Приморский край;165_195_days;CoviVac;NULL;NULL;NULL
2022.07_16-08-2022;Приморский край;165_195_days;EpiVacCorona;NULL;NULL;NULL
2022.07_16-08-2022;Приморский край;165_195_days;SputnikLite;-0.67988;-1.24746;-0.25564
2022.07_16-08-2022;Приморский край;165_195_days;SputnikV;-0.08521;-0.61204;0.26945
2022.07_16-08-2022;Приморский край;21_45_days;AllVaccines;-0.22007;-1.44478;0.39112
2022.07_16-08-2022;Приморский край;21_45_days;CoviVac;-5.46565;-24.87932;-0.61537
2022.07_16-08-2022;Приморский край;21_45_days;EpiVacCorona;-0.73352;-4.38178;0.44162
2022.07_16-08-2022;Приморский край;21_45_days;SputnikLite;-0.16387;-3.6585;0.70922
2022.07_16-08-2022;Приморский край;21_45_days;SputnikV;-0.42813;-2.81073;0.46479
2022.07_16-08-2022;Приморский край;45_75_days;AllVaccines;-0.09745;-1.11389;0.43025
2022.07_16-08-2022;Приморский край;45_75_days;CoviVac;NULL;NULL;NULL
2022.07_16-08-2022;Приморский край;45_75_days;EpiVacCorona;-2.39308;-12.58109;0.15228
2022.07_16-08-2022;Приморский край;45_75_days;SputnikLite;-0.34217;-2.22991;0.44227
2022.07_16-08-2022;Приморский край;45_75_days;SputnikV;-0.12012;-1.98887;0.58022
2022.07_16-08-2022;Приморский край;75_90_days;AllVaccines;-0.42752;-2.18325;0.35983
2022.07_16-08-2022;Приморский край;75_90_days;CoviVac;-4.64053;-21.57671;-0.40922
2022.07_16-08-2022;Приморский край;75_90_days;EpiVacCorona;NULL;NULL;NULL
2022.07_16-08-2022;Приморский край;75_90_days;SputnikLite;-0.63625;-4.07981;0.47295
2022.07_16-08-2022;Приморский край;75_90_days;SputnikV;-0.88128;-4.84049;0.39402
2022.07_16-08-2022;Приморский край;90_105_days;AllVaccines;0.60447;-0.58315;0.90118
2022.07_16-08-2022;Приморский край;90_105_days;CoviVac;NULL;NULL;NULL
2022.07_16-08-2022;Приморский край;90_105_days;EpiVacCorona;NULL;NULL;NULL
2022.07_16-08-2022;Приморский край;90_105_days;SputnikLite;NULL;NULL;NULL
2022.07_16-08-2022;Приморский край;90_105_days;SputnikV;-0.42251;-4.6937;0.6446
2022.07_16-08-2022;Псковская область;105_165_days;AllVaccines;-0.5369;-1.30592;-0.02435
2022.07_16-08-2022;Псковская область;105_165_days;CoviVac;-3.86487;-18.52399;-0.2122
2022.07_16-08-2022;Псковская область;105_165_days;EpiVacCorona;-1.09809;-7.42017;0.47721
2022.07_16-08-2022;Псковская область;105_165_days;SputnikLite;-1.16462;-3.19343;-0.11736
2022.07_16-08-2022;Псковская область;105_165_days;SputnikV;-0.36944;-1.29532;0.18296
2022.07_16-08-2022;Псковская область;165_195_days;AllVaccines;0.2536;-0.35974;0.59028
2022.07_16-08-2022;Псковская область;165_195_days;CoviVac;NULL;NULL;NULL
2022.07_16-08-2022;Псковская область;165_195_days;EpiVacCorona;NULL;NULL;NULL
2022.07_16-08-2022;Псковская область;165_195_days;SputnikLite;0.24969;-0.68093;0.66508
2022.07_16-08-2022;Псковская область;165_195_days;SputnikV;-0.0477;-1.34716;0.53234
2022.07_16-08-2022;Псковская область;21_45_days;AllVaccines;-0.50413;-5.03648;0.62521
2022.07_16-08-2022;Псковская область;21_45_days;CoviVac;NULL;NULL;NULL
2022.07_16-08-2022;Псковская область;21_45_days;EpiVacCorona;NULL;NULL;NULL
2022.07_16-08-2022;Псковская область;21_45_days;SputnikLite;NULL;NULL;NULL
2022.07_16-08-2022;Псковская область;21_45_days;SputnikV;-1.1901;-7.78943;0.45429
2022.07_16-08-2022;Псковская область;45_75_days;AllVaccines;-0.73621;-4.40773;0.44257
2022.07_16-08-2022;Псковская область;45_75_days;CoviVac;NULL;NULL;NULL
2022.07_16-08-2022;Псковская область;45_75_days;EpiVacCorona;-10.57703;-45.46162;-1.88469
2022.07_16-08-2022;Псковская область;45_75_days;SputnikLite;NULL;NULL;NULL
2022.07_16-08-2022;Псковская область;45_75_days;SputnikV;-0.50162;-5.02638;0.62584
2022.07_16-08-2022;Псковская область;75_90_days;AllVaccines;-1.06673;-7.29432;0.48503
2022.07_16-08-2022;Псковская область;75_90_days;CoviVac;NULL;NULL;NULL
2022.07_16-08-2022;Псковская область;75_90_days;EpiVacCorona;NULL;NULL;NULL
2022.07_16-08-2022;Псковская область;75_90_days;SputnikLite;NULL;NULL;NULL
2022.07_16-08-2022;Псковская область;75_90_days;SputnikV;-1.43965;-8.79094;0.3921
2022.07_16-08-2022;Псковская область;90_105_days;AllVaccines;NULL;NULL;NULL
2022.07_16-08-2022;Псковская область;90_105_days;CoviVac;NULL;NULL;NULL
2022.07_16-08-2022;Псковская область;90_105_days;EpiVacCorona;NULL;NULL;NULL
2022.07_16-08-2022;Псковская область;90_105_days;SputnikLite;NULL;NULL;NULL
2022.07_16-08-2022;Псковская область;90_105_days;SputnikV;NULL;NULL;NULL
2022.07_16-08-2022;РФ;105_165_days;AllVaccines;0.10444;0.08145;0.12685
2022.07_16-08-2022;РФ;105_165_days;CoviVac;-0.35326;-0.57362;-0.16376
2022.07_16-08-2022;РФ;105_165_days;EpiVacCorona;0.45038;0.36633;0.52327
2022.07_16-08-2022;РФ;105_165_days;SputnikLite;0.0471;0.00948;0.0833
2022.07_16-08-2022;РФ;105_165_days;SputnikV;0.12368;0.09288;0.15343
2022.07_16-08-2022;РФ;165_195_days;AllVaccines;0.01159;-0.01528;0.03774
2022.07_16-08-2022;РФ;165_195_days;CoviVac;-0.72132;-1.10486;-0.40767
2022.07_16-08-2022;РФ;165_195_days;EpiVacCorona;0.19317;0.04885;0.3156
2022.07_16-08-2022;РФ;165_195_days;SputnikLite;-0.02836;-0.06307;0.0052
2022.07_16-08-2022;РФ;165_195_days;SputnikV;0.08555;0.04144;0.12764
2022.07_16-08-2022;РФ;21_45_days;AllVaccines;0.29409;0.24102;0.34345
2022.07_16-08-2022;РФ;21_45_days;CoviVac;0.14699;-0.23547;0.41105
2022.07_16-08-2022;РФ;21_45_days;EpiVacCorona;0.38424;0.21474;0.51715
2022.07_16-08-2022;РФ;21_45_days;SputnikLite;0.0834;-0.12966;0.25627
2022.07_16-08-2022;РФ;21_45_days;SputnikV;0.30893;0.24896;0.36411
2022.07_16-08-2022;РФ;45_75_days;AllVaccines;0.27279;0.21804;0.32371
2022.07_16-08-2022;РФ;45_75_days;CoviVac;0.04042;-0.27721;0.27906
2022.07_16-08-2022;РФ;45_75_days;EpiVacCorona;0.22786;-0.01334;0.41166
2022.07_16-08-2022;РФ;45_75_days;SputnikLite;0.17522;0.01779;0.30742
2022.07_16-08-2022;РФ;45_75_days;SputnikV;0.30769;0.24487;0.36529
2022.07_16-08-2022;РФ;75_90_days;AllVaccines;0.24361;0.17061;0.31019
2022.07_16-08-2022;РФ;75_90_days;CoviVac;-0.02352;-0.42559;0.26515
2022.07_16-08-2022;РФ;75_90_days;EpiVacCorona;0.28634;-0.027;0.50408
2022.07_16-08-2022;РФ;75_90_days;SputnikLite;0.16521;-0.0208;0.31732
2022.07_16-08-2022;РФ;75_90_days;SputnikV;0.27548;0.18827;0.35332
2022.07_16-08-2022;РФ;90_105_days;AllVaccines;0.18749;0.11542;0.25369
2022.07_16-08-2022;РФ;90_105_days;CoviVac;0.14678;-0.28399;0.43304
2022.07_16-08-2022;РФ;90_105_days;EpiVacCorona;0.37394;0.13589;0.54642
2022.07_16-08-2022;РФ;90_105_days;SputnikLite;0.12349;-0.04455;0.26449
2022.07_16-08-2022;РФ;90_105_days;SputnikV;0.17802;0.08738;0.25965
2022.07_16-08-2022;Республика Адыгея;105_165_days;AllVaccines;-1.46397;-3.56964;-0.32858
2022.07_16-08-2022;Республика Адыгея;105_165_days;CoviVac;NULL;NULL;NULL
2022.07_16-08-2022;Республика Адыгея;105_165_days;EpiVacCorona;NULL;NULL;NULL
2022.07_16-08-2022;Республика Адыгея;105_165_days;SputnikLite;-2.63909;-6.16291;-0.84883
2022.07_16-08-2022;Республика Адыгея;105_165_days;SputnikV;-0.51264;-3.75266;0.51857
2022.07_16-08-2022;Республика Адыгея;165_195_days;AllVaccines;-1.03103;-2.99772;-0.03186
2022.07_16-08-2022;Республика Адыгея;165_195_days;CoviVac;NULL;NULL;NULL
2022.07_16-08-2022;Республика Адыгея;165_195_days;EpiVacCorona;NULL;NULL;NULL
2022.07_16-08-2022;Республика Адыгея;165_195_days;SputnikLite;-1.15437;-3.61395;-0.00593
2022.07_16-08-2022;Республика Адыгея;165_195_days;SputnikV;-1.9714;-8.33605;0.05429
2022.07_16-08-2022;Республика Адыгея;21_45_days;AllVaccines;-6.44362;-22.38763;-1.3691
2022.07_16-08-2022;Республика Адыгея;21_45_days;EpiVacCorona;NULL;NULL;NULL
2022.07_16-08-2022;Республика Адыгея;21_45_days;SputnikLite;NULL;NULL;NULL
2022.07_16-08-2022;Республика Адыгея;21_45_days;SputnikV;-9.65704;-32.48409;-2.39184
2022.07_16-08-2022;Республика Адыгея;45_75_days;AllVaccines;-6.08677;-27.64327;-0.75337
2022.07_16-08-2022;Республика Адыгея;45_75_days;CoviVac;NULL;NULL;NULL
2022.07_16-08-2022;Республика Адыгея;45_75_days;EpiVacCorona;NULL;NULL;NULL
2022.07_16-08-2022;Республика Адыгея;45_75_days;SputnikLite;NULL;NULL;NULL
2022.07_16-08-2022;Республика Адыгея;45_75_days;SputnikV;-14.94354;-63.44052;-2.94467
2022.07_16-08-2022;Республика Адыгея;75_90_days;AllVaccines;-5.14707;-23.84519;-0.52088
2022.07_16-08-2022;Республика Адыгея;75_90_days;EpiVacCorona;NULL;NULL;NULL
2022.07_16-08-2022;Республика Адыгея;75_90_days;SputnikLite;NULL;NULL;NULL
2022.07_16-08-2022;Республика Адыгея;75_90_days;SputnikV;-11.58107;-49.85013;-2.11274
2022.07_16-08-2022;Республика Адыгея;90_105_days;AllVaccines;-5.33263;-24.5952;-0.56679
2022.07_16-08-2022;Республика Адыгея;90_105_days;CoviVac;NULL;NULL;NULL
2022.07_16-08-2022;Республика Адыгея;90_105_days;EpiVacCorona;NULL;NULL;NULL
2022.07_16-08-2022;Республика Адыгея;90_105_days;SputnikLite;-7.52542;-33.45801;-1.10931
2022.07_16-08-2022;Республика Адыгея;90_105_days;SputnikV;NULL;NULL;NULL
2022.07_16-08-2022;Республика Алтай;105_165_days;AllVaccines;0.09747;-0.39042;0.41417
2022.07_16-08-2022;Республика Алтай;105_165_days;CoviVac;NULL;NULL;NULL
2022.07_16-08-2022;Республика Алтай;105_165_days;EpiVacCorona;NULL;NULL;NULL
2022.07_16-08-2022;Республика Алтай;105_165_days;SputnikLite;-0.60058;-1.60687;0.01727
2022.07_16-08-2022;Республика Алтай;105_165_days;SputnikV;0.46601;-0.19718;0.76182
2022.07_16-08-2022;Республика Алтай;165_195_days;AllVaccines;-0.02546;-0.56592;0.32847
2022.07_16-08-2022;Республика Алтай;165_195_days;CoviVac;NULL;NULL;NULL
2022.07_16-08-2022;Республика Алтай;165_195_days;EpiVacCorona;NULL;NULL;NULL
2022.07_16-08-2022;Республика Алтай;165_195_days;SputnikLite;-0.12389;-0.78539;0.29252
2022.07_16-08-2022;Республика Алтай;165_195_days;SputnikV;-0.08424;-1.62206;0.55166
2022.07_16-08-2022;Республика Алтай;21_45_days;AllVaccines;NULL;NULL;NULL
2022.07_16-08-2022;Республика Алтай;21_45_days;CoviVac;NULL;NULL;NULL
2022.07_16-08-2022;Республика Алтай;21_45_days;EpiVacCorona;NULL;NULL;NULL
2022.07_16-08-2022;Республика Алтай;21_45_days;SputnikLite;NULL;NULL;NULL
2022.07_16-08-2022;Республика Алтай;21_45_days;SputnikV;NULL;NULL;NULL
2022.07_16-08-2022;Республика Алтай;45_75_days;AllVaccines;-0.2481;-2.88934;0.59948
2022.07_16-08-2022;Республика Алтай;45_75_days;CoviVac;NULL;NULL;NULL
2022.07_16-08-2022;Республика Алтай;45_75_days;EpiVacCorona;NULL;NULL;NULL
2022.07_16-08-2022;Республика Алтай;45_75_days;SputnikLite;NULL;NULL;NULL
2022.07_16-08-2022;Республика Алтай;45_75_days;SputnikV;-0.92053;-4.98478;0.3837
2022.07_16-08-2022;Республика Алтай;75_90_days;AllVaccines;-0.38685;-3.3217;0.55496
2022.07_16-08-2022;Республика Алтай;75_90_days;CoviVac;-4.66623;-21.74958;-0.41129
2022.07_16-08-2022;Республика Алтай;75_90_days;EpiVacCorona;NULL;NULL;NULL
2022.07_16-08-2022;Республика Алтай;75_90_days;SputnikLite;NULL;NULL;NULL
2022.07_16-08-2022;Республика Алтай;75_90_days;SputnikV;-0.64731;-5.61387;0.5897
2022.07_16-08-2022;Республика Алтай;90_105_days;AllVaccines;-0.3535;-2.62744;0.49497
2022.07_16-08-2022;Республика Алтай;90_105_days;CoviVac;NULL;NULL;NULL
2022.07_16-08-2022;Республика Алтай;90_105_days;EpiVacCorona;NULL;NULL;NULL
2022.07_16-08-2022;Республика Алтай;90_105_days;SputnikLite;-2.60896;-13.48977;0.10112
2022.07_16-08-2022;Республика Алтай;90_105_days;SputnikV;-1.04113;-5.36058;0.345
2022.07_16-08-2022;Республика Башкортостан;105_165_days;AllVaccines;-0.35675;-0.71834;-0.07126
2022.07_16-08-2022;Республика Башкортостан;105_165_days;CoviVac;-1.98992;-10.97324;0.25337
2022.07_16-08-2022;Республика Башкортостан;105_165_days;EpiVacCorona;-1.27537;-3.38729;-0.18007
2022.07_16-08-2022;Республика Башкортостан;105_165_days;SputnikLite;-0.14992;-0.79114;0.26175
2022.07_16-08-2022;Республика Башкортостан;105_165_days;SputnikV;-0.38565;-0.85845;-0.03314
2022.07_16-08-2022;Республика Башкортостан;165_195_days;AllVaccines;-0.63291;-1.09777;-0.27107
2022.07_16-08-2022;Республика Башкортостан;165_195_days;CoviVac;NULL;NULL;NULL
2022.07_16-08-2022;Республика Башкортостан;165_195_days;EpiVacCorona;-1.14214;-4.15902;0.11053
2022.07_16-08-2022;Республика Башкортостан;165_195_days;SputnikLite;-0.85372;-1.53559;-0.35522
2022.07_16-08-2022;Республика Башкортостан;165_195_days;SputnikV;-0.39065;-1.1229;0.08902
2022.07_16-08-2022;Республика Башкортостан;21_45_days;AllVaccines;-0.00826;-0.42728;0.28775
2022.07_16-08-2022;Республика Башкортостан;21_45_days;CoviVac;NULL;NULL;NULL
2022.07_16-08-2022;Республика Башкортостан;21_45_days;EpiVacCorona;-0.18285;-2.67427;0.61921
2022.07_16-08-2022;Республика Башкортостан;21_45_days;SputnikLite;-0.71204;-5.85595;0.57247
2022.07_16-08-2022;Республика Башкортостан;21_45_days;SputnikV;-0.05703;-0.52098;0.26539
2022.07_16-08-2022;Республика Башкортостан;45_75_days;AllVaccines;-0.94889;-1.78831;-0.36218
2022.07_16-08-2022;Республика Башкортостан;45_75_days;CoviVac;-3.11132;-7.64867;-0.9544
2022.07_16-08-2022;Республика Башкортостан;45_75_days;EpiVacCorona;-0.86475;-6.46748;0.53434
2022.07_16-08-2022;Республика Башкортостан;45_75_days;SputnikLite;-0.37984;-3.28618;0.55579
2022.07_16-08-2022;Республика Башкортостан;45_75_days;SputnikV;-0.98595;-2.03165;-0.30094
2022.07_16-08-2022;Республика Башкортостан;75_90_days;AllVaccines;0.02169;-1.058;0.53494
2022.07_16-08-2022;Республика Башкортостан;75_90_days;CoviVac;-0.75548;-6.02989;0.56163
2022.07_16-08-2022;Республика Башкортостан;75_90_days;EpiVacCorona;NULL;NULL;NULL
2022.07_16-08-2022;Республика Башкортостан;75_90_days;SputnikLite;-0.66673;-5.6745;0.58379
2022.07_16-08-2022;Республика Башкортостан;75_90_days;SputnikV;-0.16464;-1.80485;0.51642
2022.07_16-08-2022;Республика Башкортостан;90_105_days;AllVaccines;-0.28424;-1.57587;0.35972
2022.07_16-08-2022;Республика Башкортостан;90_105_days;CoviVac;-2.97601;-14.9221;0.00713
2022.07_16-08-2022;Республика Башкортостан;90_105_days;EpiVacCorona;-1.63573;-9.5549;0.34181
2022.07_16-08-2022;Республика Башкортостан;90_105_days;SputnikLite;-0.82459;-4.66772;0.41261
2022.07_16-08-2022;Республика Башкортостан;90_105_days;SputnikV;-0.20167;-2.20866;0.54996
2022.07_16-08-2022;Республика Бурятия;105_165_days;AllVaccines;0.1462;-0.22221;0.40356
2022.07_16-08-2022;Республика Бурятия;105_165_days;CoviVac;NULL;NULL;NULL
2022.07_16-08-2022;Республика Бурятия;105_165_days;EpiVacCorona;-0.14974;-3.61057;0.71329
2022.07_16-08-2022;Республика Бурятия;105_165_days;SputnikLite;0.22957;-0.44136;0.58819
2022.07_16-08-2022;Республика Бурятия;105_165_days;SputnikV;-0.00273;-0.53815;0.34631
2022.07_16-08-2022;Республика Бурятия;165_195_days;AllVaccines;-0.33952;-0.90779;0.05949
2022.07_16-08-2022;Республика Бурятия;165_195_days;CoviVac;NULL;NULL;NULL
2022.07_16-08-2022;Республика Бурятия;165_195_days;EpiVacCorona;-2.6533;-10.36789;-0.17406
2022.07_16-08-2022;Республика Бурятия;165_195_days;SputnikLite;-0.46046;-1.24027;0.04791
2022.07_16-08-2022;Республика Бурятия;165_195_days;SputnikV;-0.14231;-1.1371;0.38942
2022.07_16-08-2022;Республика Бурятия;21_45_days;AllVaccines;-0.38869;-2.35184;0.42466
2022.07_16-08-2022;Республика Бурятия;21_45_days;CoviVac;NULL;NULL;NULL
2022.07_16-08-2022;Республика Бурятия;21_45_days;EpiVacCorona;-3.62624;-13.39535;-0.48674
2022.07_16-08-2022;Республика Бурятия;21_45_days;SputnikLite;-29.44474;-121.08621;-6.59203
2022.07_16-08-2022;Республика Бурятия;21_45_days;SputnikV;0.24121;-2.04283;0.81078
2022.07_16-08-2022;Республика Бурятия;45_75_days;AllVaccines;-0.19697;-2.20244;0.55261
2022.07_16-08-2022;Республика Бурятия;45_75_days;CoviVac;NULL;NULL;NULL
2022.07_16-08-2022;Республика Бурятия;45_75_days;EpiVacCorona;NULL;NULL;NULL
2022.07_16-08-2022;Республика Бурятия;45_75_days;SputnikLite;NULL;NULL;NULL
2022.07_16-08-2022;Республика Бурятия;45_75_days;SputnikV;-0.63728;-3.38045;0.38804
2022.07_16-08-2022;Республика Бурятия;75_90_days;AllVaccines;-0.17452;-2.65473;0.62254
2022.07_16-08-2022;Республика Бурятия;75_90_days;CoviVac;NULL;NULL;NULL
2022.07_16-08-2022;Республика Бурятия;75_90_days;EpiVacCorona;NULL;NULL;NULL
2022.07_16-08-2022;Республика Бурятия;75_90_days;SputnikLite;-12.35059;-52.5371;-2.32925
2022.07_16-08-2022;Республика Бурятия;75_90_days;SputnikV;-0.13592;-3.55512;0.71674
2022.07_16-08-2022;Республика Бурятия;90_105_days;AllVaccines;-0.03326;-2.21518;0.66794
2022.07_16-08-2022;Республика Бурятия;90_105_days;CoviVac;NULL;NULL;NULL
2022.07_16-08-2022;Республика Бурятия;90_105_days;EpiVacCorona;NULL;NULL;NULL
2022.07_16-08-2022;Республика Бурятия;90_105_days;SputnikLite;NULL;NULL;NULL
2022.07_16-08-2022;Республика Бурятия;90_105_days;SputnikV;-0.68384;-4.23956;0.45886
2022.07_16-08-2022;Республика Дагестан;105_165_days;AllVaccines;-1.19767;-2.14568;-0.53536
2022.07_16-08-2022;Республика Дагестан;105_165_days;CoviVac;NULL;NULL;NULL
2022.07_16-08-2022;Республика Дагестан;105_165_days;EpiVacCorona;-0.40569;-3.40844;0.55178
2022.07_16-08-2022;Республика Дагестан;105_165_days;SputnikLite;-2.80944;-7.61944;-0.68361
2022.07_16-08-2022;Республика Дагестан;105_165_days;SputnikV;-1.20988;-2.23748;-0.50844
2022.07_16-08-2022;Республика Дагестан;165_195_days;AllVaccines;-1.73207;-3.52526;-0.64946
2022.07_16-08-2022;Республика Дагестан;165_195_days;CoviVac;NULL;NULL;NULL
2022.07_16-08-2022;Республика Дагестан;165_195_days;EpiVacCorona;-1.2546;-8.09883;0.44133
2022.07_16-08-2022;Республика Дагестан;165_195_days;SputnikLite;-4.58254;-10.37838;-1.73894
2022.07_16-08-2022;Республика Дагестан;165_195_days;SputnikV;-1.20689;-3.32877;-0.12511
2022.07_16-08-2022;Республика Дагестан;21_45_days;AllVaccines;-0.8684;-3.55618;0.23381
2022.07_16-08-2022;Республика Дагестан;21_45_days;CoviVac;NULL;NULL;NULL
2022.07_16-08-2022;Республика Дагестан;21_45_days;EpiVacCorona;NULL;NULL;NULL
2022.07_16-08-2022;Республика Дагестан;21_45_days;SputnikLite;NULL;NULL;NULL
2022.07_16-08-2022;Республика Дагестан;21_45_days;SputnikV;-0.90113;-3.636;0.22039
2022.07_16-08-2022;Республика Дагестан;45_75_days;AllVaccines;-3.26505;-5.64813;-1.7362
2022.07_16-08-2022;Республика Дагестан;45_75_days;CoviVac;NULL;NULL;NULL
2022.07_16-08-2022;Республика Дагестан;45_75_days;EpiVacCorona;NULL;NULL;NULL
2022.07_16-08-2022;Республика Дагестан;45_75_days;SputnikLite;NULL;NULL;NULL
2022.07_16-08-2022;Республика Дагестан;45_75_days;SputnikV;-3.37927;-5.82617;-1.80948
2022.07_16-08-2022;Республика Дагестан;75_90_days;AllVaccines;-2.77369;-6.40202;-0.9239
2022.07_16-08-2022;Республика Дагестан;75_90_days;CoviVac;NULL;NULL;NULL
2022.07_16-08-2022;Республика Дагестан;75_90_days;EpiVacCorona;NULL;NULL;NULL
2022.07_16-08-2022;Республика Дагестан;75_90_days;SputnikLite;NULL;NULL;NULL
2022.07_16-08-2022;Республика Дагестан;75_90_days;SputnikV;-3.0336;-6.91183;-1.05641
2022.07_16-08-2022;Республика Дагестан;90_105_days;AllVaccines;-2.75771;-6.659;-0.84364
2022.07_16-08-2022;Республика Дагестан;90_105_days;CoviVac;-13.33808;-56.86383;-2.55283
2022.07_16-08-2022;Республика Дагестан;90_105_days;EpiVacCorona;NULL;NULL;NULL
2022.07_16-08-2022;Республика Дагестан;90_105_days;SputnikLite;NULL;NULL;NULL
2022.07_16-08-2022;Республика Дагестан;90_105_days;SputnikV;-3.09236;-7.73824;-0.91656
2022.07_16-08-2022;Республика Ингушетия;105_165_days;AllVaccines;-1.21362;-2.86623;-0.26741
2022.07_16-08-2022;Республика Ингушетия;105_165_days;CoviVac;NULL;NULL;NULL
2022.07_16-08-2022;Республика Ингушетия;105_165_days;EpiVacCorona;-0.98397;-5.27893;0.37312
2022.07_16-08-2022;Республика Ингушетия;105_165_days;SputnikLite;-1.32582;-4.33374;-0.01419
2022.07_16-08-2022;Республика Ингушетия;105_165_days;SputnikV;-1.61886;-4.42381;-0.2645
2022.07_16-08-2022;Республика Ингушетия;165_195_days;AllVaccines;-0.76236;-2.32014;0.06452
2022.07_16-08-2022;Республика Ингушетия;165_195_days;CoviVac;NULL;NULL;NULL
2022.07_16-08-2022;Республика Ингушетия;165_195_days;EpiVacCorona;NULL;NULL;NULL
2022.07_16-08-2022;Республика Ингушетия;165_195_days;SputnikLite;-0.82956;-2.96457;0.1557
2022.07_16-08-2022;Республика Ингушетия;165_195_days;SputnikV;-0.96448;-3.84873;0.20408
2022.07_16-08-2022;Республика Ингушетия;21_45_days;AllVaccines;NULL;NULL;NULL
2022.07_16-08-2022;Республика Ингушетия;21_45_days;CoviVac;NULL;NULL;NULL
2022.07_16-08-2022;Республика Ингушетия;21_45_days;EpiVacCorona;NULL;NULL;NULL
2022.07_16-08-2022;Республика Ингушетия;21_45_days;SputnikV;NULL;NULL;NULL
2022.07_16-08-2022;Республика Ингушетия;45_75_days;AllVaccines;-0.36653;-2.72909;0.49923
2022.07_16-08-2022;Республика Ингушетия;45_75_days;CoviVac;NULL;NULL;NULL
2022.07_16-08-2022;Республика Ингушетия;45_75_days;EpiVacCorona;-27.81186;-116.12769;-6.08734
2022.07_16-08-2022;Республика Ингушетия;45_75_days;SputnikLite;NULL;NULL;NULL
2022.07_16-08-2022;Республика Ингушетия;45_75_days;SputnikV;-0.12609;-2.56387;0.64419
2022.07_16-08-2022;Республика Ингушетия;75_90_days;AllVaccines;-2.03921;-7.29361;-0.11373
2022.07_16-08-2022;Республика Ингушетия;75_90_days;CoviVac;NULL;NULL;NULL
2022.07_16-08-2022;Республика Ингушетия;75_90_days;EpiVacCorona;-24.87584;-104.19199;-5.36511
2022.07_16-08-2022;Республика Ингушетия;75_90_days;SputnikLite;NULL;NULL;NULL
2022.07_16-08-2022;Республика Ингушетия;75_90_days;SputnikV;-1.51931;-6.9732;0.20397
2022.07_16-08-2022;Республика Ингушетия;90_105_days;AllVaccines;-1.33687;-5.37701;0.14365
2022.07_16-08-2022;Республика Ингушетия;90_105_days;CoviVac;NULL;NULL;NULL
2022.07_16-08-2022;Республика Ингушетия;90_105_days;EpiVacCorona;-1.86821;-6.82696;-0.05106
2022.07_16-08-2022;Республика Ингушетия;90_105_days;SputnikLite;NULL;NULL;NULL
2022.07_16-08-2022;Республика Ингушетия;90_105_days;SputnikV;NULL;NULL;NULL
2022.07_16-08-2022;Республика Калмыкия;105_165_days;AllVaccines;-0.70349;-1.23785;-0.29673
2022.07_16-08-2022;Республика Калмыкия;105_165_days;CoviVac;NULL;NULL;NULL
2022.07_16-08-2022;Республика Калмыкия;105_165_days;EpiVacCorona;-2.98621;-9.64433;-0.4928
2022.07_16-08-2022;Республика Калмыкия;105_165_days;SputnikLite;-0.61382;-1.20779;-0.17964
2022.07_16-08-2022;Республика Калмыкия;105_165_days;SputnikV;-0.99004;-2.51767;-0.12582
2022.07_16-08-2022;Республика Калмыкия;165_195_days;AllVaccines;-0.23243;-0.6582;0.08401
2022.07_16-08-2022;Республика Калмыкия;165_195_days;CoviVac;NULL;NULL;NULL
2022.07_16-08-2022;Республика Калмыкия;165_195_days;EpiVacCorona;NULL;NULL;NULL
2022.07_16-08-2022;Республика Калмыкия;165_195_days;SputnikLite;-0.41347;-0.90769;-0.04729
2022.07_16-08-2022;Республика Калмыкия;165_195_days;SputnikV;0.3801;-1.48248;0.84521
2022.07_16-08-2022;Республика Калмыкия;21_45_days;AllVaccines;NULL;NULL;NULL
2022.07_16-08-2022;Республика Калмыкия;21_45_days;CoviVac;NULL;NULL;NULL
2022.07_16-08-2022;Республика Калмыкия;21_45_days;EpiVacCorona;NULL;NULL;NULL
2022.07_16-08-2022;Республика Калмыкия;21_45_days;SputnikLite;NULL;NULL;NULL
2022.07_16-08-2022;Республика Калмыкия;21_45_days;SputnikV;NULL;NULL;NULL
2022.07_16-08-2022;Республика Калмыкия;45_75_days;AllVaccines;0.19532;-0.69285;0.6175
2022.07_16-08-2022;Республика Калмыкия;45_75_days;CoviVac;NULL;NULL;NULL
2022.07_16-08-2022;Республика Калмыкия;45_75_days;EpiVacCorona;-1.18128;-7.73533;0.45532
2022.07_16-08-2022;Республика Калмыкия;45_75_days;SputnikLite;-0.04905;-1.34139;0.52998
2022.07_16-08-2022;Республика Калмыкия;45_75_days;SputnikV;NULL;NULL;NULL
2022.07_16-08-2022;Республика Калмыкия;75_90_days;AllVaccines;-1.43607;-3.41504;-0.34414
2022.07_16-08-2022;Республика Калмыкия;75_90_days;CoviVac;NULL;NULL;NULL
2022.07_16-08-2022;Республика Калмыкия;75_90_days;EpiVacCorona;NULL;NULL;NULL
2022.07_16-08-2022;Республика Калмыкия;75_90_days;SputnikLite;-1.14077;-3.29412;-0.06724
2022.07_16-08-2022;Республика Калмыкия;75_90_days;SputnikV;-5.05283;-15.16281;-1.26673
2022.07_16-08-2022;Республика Калмыкия;90_105_days;AllVaccines;-0.88498;-2.63482;0.02247
2022.07_16-08-2022;Республика Калмыкия;90_105_days;CoviVac;NULL;NULL;NULL
2022.07_16-08-2022;Республика Калмыкия;90_105_days;EpiVacCorona;NULL;NULL;NULL
2022.07_16-08-2022;Республика Калмыкия;90_105_days;SputnikLite;-1.18577;-3.3844;-0.08968
2022.07_16-08-2022;Республика Калмыкия;90_105_days;SputnikV;-0.96547;-6.87106;0.50921
2022.07_16-08-2022;Республика Карелия;105_165_days;AllVaccines;0.09999;-0.21097;0.3311
2022.07_16-08-2022;Республика Карелия;105_165_days;CoviVac;-2.09816;-8.62427;0.00267
2022.07_16-08-2022;Республика Карелия;105_165_days;EpiVacCorona;-1.73852;-5.5957;-0.13703
2022.07_16-08-2022;Республика Карелия;105_165_days;SputnikLite;-0.09441;-0.58449;0.24409
2022.07_16-08-2022;Республика Карелия;105_165_days;SputnikV;0.44638;0.0214;0.68681
2022.07_16-08-2022;Республика Карелия;165_195_days;AllVaccines;0.11447;-0.28207;0.38836
2022.07_16-08-2022;Республика Карелия;165_195_days;CoviVac;-1.34533;-8.39233;0.41435
2022.07_16-08-2022;Республика Карелия;165_195_days;EpiVacCorona;-1.64887;-7.22858;0.1473
2022.07_16-08-2022;Республика Карелия;165_195_days;SputnikLite;0.19333;-0.30362;0.50083
2022.07_16-08-2022;Республика Карелия;165_195_days;SputnikV;-0.03729;-0.93465;0.44384
2022.07_16-08-2022;Республика Карелия;21_45_days;AllVaccines;-0.06709;-1.84947;0.60039
2022.07_16-08-2022;Республика Карелия;21_45_days;EpiVacCorona;NULL;NULL;NULL
2022.07_16-08-2022;Республика Карелия;21_45_days;SputnikLite;NULL;NULL;NULL
2022.07_16-08-2022;Республика Карелия;21_45_days;SputnikV;-0.36428;-2.64305;0.48909
2022.07_16-08-2022;Республика Карелия;45_75_days;AllVaccines;0.15686;-1.0307;0.64993
2022.07_16-08-2022;Республика Карелия;45_75_days;CoviVac;NULL;NULL;NULL
2022.07_16-08-2022;Республика Карелия;45_75_days;EpiVacCorona;NULL;NULL;NULL
2022.07_16-08-2022;Республика Карелия;45_75_days;SputnikLite;-0.16088;-2.60623;0.6263
2022.07_16-08-2022;Республика Карелия;45_75_days;SputnikV;0.03482;-1.99829;0.6893
2022.07_16-08-2022;Республика Карелия;75_90_days;AllVaccines;-0.3985;-2.73443;0.47628
2022.07_16-08-2022;Республика Карелия;75_90_days;CoviVac;NULL;NULL;NULL
2022.07_16-08-2022;Республика Карелия;75_90_days;EpiVacCorona;NULL;NULL;NULL
2022.07_16-08-2022;Республика Карелия;75_90_days;SputnikLite;NULL;NULL;NULL
2022.07_16-08-2022;Республика Карелия;75_90_days;SputnikV;-1.8817;-6.69503;-0.07916
2022.07_16-08-2022;Республика Карелия;90_105_days;AllVaccines;0.35174;-1.01377;0.79132
2022.07_16-08-2022;Республика Карелия;90_105_days;CoviVac;NULL;NULL;NULL
2022.07_16-08-2022;Республика Карелия;90_105_days;EpiVacCorona;-24.19518;-99.89899;-5.29141
2022.07_16-08-2022;Республика Карелия;90_105_days;SputnikLite;0.19292;-2.23212;0.79847
2022.07_16-08-2022;Республика Карелия;90_105_days;SputnikV;NULL;NULL;NULL
2022.07_16-08-2022;Республика Коми;105_165_days;AllVaccines;-0.27924;-0.83971;0.11049
2022.07_16-08-2022;Республика Коми;105_165_days;CoviVac;NULL;NULL;NULL
2022.07_16-08-2022;Республика Коми;105_165_days;EpiVacCorona;NULL;NULL;NULL
2022.07_16-08-2022;Республика Коми;105_165_days;SputnikLite;-0.18011;-1.00741;0.30624
2022.07_16-08-2022;Республика Коми;105_165_days;SputnikV;-0.59379;-1.55114;0.0043
2022.07_16-08-2022;Республика Коми;165_195_days;AllVaccines;0.16232;-0.35859;0.48351
2022.07_16-08-2022;Республика Коми;165_195_days;CoviVac;NULL;NULL;NULL
2022.07_16-08-2022;Республика Коми;165_195_days;EpiVacCorona;NULL;NULL;NULL
2022.07_16-08-2022;Республика Коми;165_195_days;SputnikLite;0.09308;-0.57307;0.47713
2022.07_16-08-2022;Республика Коми;165_195_days;SputnikV;0.00523;-1.40043;0.58775
2022.07_16-08-2022;Республика Коми;21_45_days;AllVaccines;-0.60761;-3.30009;0.39899
2022.07_16-08-2022;Республика Коми;21_45_days;CoviVac;NULL;NULL;NULL
2022.07_16-08-2022;Республика Коми;21_45_days;EpiVacCorona;NULL;NULL;NULL
2022.07_16-08-2022;Республика Коми;21_45_days;SputnikLite;NULL;NULL;NULL
2022.07_16-08-2022;Республика Коми;21_45_days;SputnikV;-1.1565;-4.76827;0.19378
2022.07_16-08-2022;Республика Коми;45_75_days;AllVaccines;-0.92596;-3.6474;0.20185
2022.07_16-08-2022;Республика Коми;45_75_days;CoviVac;NULL;NULL;NULL
2022.07_16-08-2022;Республика Коми;45_75_days;EpiVacCorona;NULL;NULL;NULL
2022.07_16-08-2022;Республика Коми;45_75_days;SputnikLite;NULL;NULL;NULL
2022.07_16-08-2022;Республика Коми;45_75_days;SputnikV;-1.48175;-4.98856;-0.02848
2022.07_16-08-2022;Республика Коми;75_90_days;AllVaccines;-0.2779;-4.12363;0.68128
2022.07_16-08-2022;Республика Коми;75_90_days;CoviVac;NULL;NULL;NULL
2022.07_16-08-2022;Республика Коми;75_90_days;EpiVacCorona;NULL;NULL;NULL
2022.07_16-08-2022;Республика Коми;75_90_days;SputnikLite;NULL;NULL;NULL
2022.07_16-08-2022;Республика Коми;75_90_days;SputnikV;-0.85693;-6.44523;0.53686
2022.07_16-08-2022;Республика Коми;90_105_days;AllVaccines;-0.78374;-3.77121;0.33314
2022.07_16-08-2022;Республика Коми;90_105_days;CoviVac;NULL;NULL;NULL
2022.07_16-08-2022;Республика Коми;90_105_days;EpiVacCorona;NULL;NULL;NULL
2022.07_16-08-2022;Республика Коми;90_105_days;SputnikLite;-0.98499;-6.95869;0.50492
2022.07_16-08-2022;Республика Коми;90_105_days;SputnikV;-1.79658;-7.70033;0.10108
2022.07_16-08-2022;Республика Крым;105_165_days;AllVaccines;-0.32122;-0.84787;0.05533
2022.07_16-08-2022;Республика Крым;105_165_days;CoviVac;NULL;NULL;NULL
2022.07_16-08-2022;Республика Крым;105_165_days;EpiVacCorona;-0.47871;-2.95107;0.44659
2022.07_16-08-2022;Республика Крым;105_165_days;SputnikLite;-0.31104;-1.32001;0.25913
2022.07_16-08-2022;Республика Крым;105_165_days;SputnikV;-0.46892;-1.24606;0.03933
2022.07_16-08-2022;Республика Крым;165_195_days;AllVaccines;0.13529;-0.23961;0.39681
2022.07_16-08-2022;Республика Крым;165_195_days;CoviVac;NULL;NULL;NULL
2022.07_16-08-2022;Республика Крым;165_195_days;EpiVacCorona;NULL;NULL;NULL
2022.07_16-08-2022;Республика Крым;165_195_days;SputnikLite;0.17932;-0.29473;0.47981
2022.07_16-08-2022;Республика Крым;165_195_days;SputnikV;-0.15457;-0.99868;0.33305
2022.07_16-08-2022;Республика Крым;21_45_days;AllVaccines;0.0939;-1.18386;0.62405
2022.07_16-08-2022;Республика Крым;21_45_days;CoviVac;NULL;NULL;NULL
2022.07_16-08-2022;Республика Крым;21_45_days;EpiVacCorona;-1.07228;-7.30248;0.48276
2022.07_16-08-2022;Республика Крым;21_45_days;SputnikLite;NULL;NULL;NULL
2022.07_16-08-2022;Республика Крым;21_45_days;SputnikV;0.02116;-1.61544;0.63366
2022.07_16-08-2022;Республика Крым;45_75_days;AllVaccines;-1.00547;-3.02635;0.0011
2022.07_16-08-2022;Республика Крым;45_75_days;CoviVac;-6.50519;-22.32745;-1.41466
2022.07_16-08-2022;Республика Крым;45_75_days;EpiVacCorona;-5.69615;-25.82778;-0.67134
2022.07_16-08-2022;Республика Крым;45_75_days;SputnikLite;NULL;NULL;NULL
2022.07_16-08-2022;Республика Крым;45_75_days;SputnikV;-0.6076;-2.87459;0.33299
2022.07_16-08-2022;Республика Крым;75_90_days;AllVaccines;-1.12123;-3.46627;-0.00747
2022.07_16-08-2022;Республика Крым;75_90_days;CoviVac;NULL;NULL;NULL
2022.07_16-08-2022;Республика Крым;75_90_days;EpiVacCorona;NULL;NULL;NULL
2022.07_16-08-2022;Республика Крым;75_90_days;SputnikLite;NULL;NULL;NULL
2022.07_16-08-2022;Республика Крым;75_90_days;SputnikV;-1.55342;-4.37623;-0.21273
2022.07_16-08-2022;Республика Крым;90_105_days;AllVaccines;-1.50556;-4.03035;-0.24799
2022.07_16-08-2022;Республика Крым;90_105_days;CoviVac;NULL;NULL;NULL
2022.07_16-08-2022;Республика Крым;90_105_days;EpiVacCorona;-7.38498;-32.594;-1.09287
2022.07_16-08-2022;Республика Крым;90_105_days;SputnikLite;NULL;NULL;NULL
2022.07_16-08-2022;Республика Крым;90_105_days;SputnikV;-1.76576;-4.82332;-0.31358
2022.07_16-08-2022;Республика Марий Эл;105_165_days;AllVaccines;-0.99822;-3.09765;0.02557
2022.07_16-08-2022;Республика Марий Эл;105_165_days;CoviVac;NULL;NULL;NULL
2022.07_16-08-2022;Республика Марий Эл;105_165_days;EpiVacCorona;NULL;NULL;NULL
2022.07_16-08-2022;Республика Марий Эл;105_165_days;SputnikLite;-1.30139;-4.63816;0.06062
2022.07_16-08-2022;Республика Марий Эл;105_165_days;SputnikV;-1.68396;-6.27628;0.00999
2022.07_16-08-2022;Республика Марий Эл;165_195_days;AllVaccines;0.31436;-1.15782;0.78214
2022.07_16-08-2022;Республика Марий Эл;165_195_days;CoviVac;NULL;NULL;NULL
2022.07_16-08-2022;Республика Марий Эл;165_195_days;EpiVacCorona;NULL;NULL;NULL
2022.07_16-08-2022;Республика Марий Эл;165_195_days;SputnikLite;0.0088;-2.11947;0.68505
2022.07_16-08-2022;Республика Марий Эл;165_195_days;SputnikV;NULL;NULL;NULL
2022.07_16-08-2022;Республика Марий Эл;21_45_days;AllVaccines;-1.80337;-10.34561;0.30732
2022.07_16-08-2022;Республика Марий Эл;21_45_days;EpiVacCorona;NULL;NULL;NULL
2022.07_16-08-2022;Республика Марий Эл;21_45_days;SputnikLite;-12.9657;-55.52102;-2.45077
2022.07_16-08-2022;Республика Марий Эл;21_45_days;SputnikV;NULL;NULL;NULL
2022.07_16-08-2022;Республика Марий Эл;45_75_days;AllVaccines;NULL;NULL;NULL
2022.07_16-08-2022;Республика Марий Эл;45_75_days;EpiVacCorona;NULL;NULL;NULL
2022.07_16-08-2022;Республика Марий Эл;45_75_days;SputnikLite;NULL;NULL;NULL
2022.07_16-08-2022;Республика Марий Эл;45_75_days;SputnikV;NULL;NULL;NULL
2022.07_16-08-2022;Республика Марий Эл;75_90_days;AllVaccines;-6.2946;-21.95726;-1.31784
2022.07_16-08-2022;Республика Марий Эл;75_90_days;CoviVac;NULL;NULL;NULL
2022.07_16-08-2022;Республика Марий Эл;75_90_days;EpiVacCorona;NULL;NULL;NULL
2022.07_16-08-2022;Республика Марий Эл;75_90_days;SputnikLite;NULL;NULL;NULL
2022.07_16-08-2022;Республика Марий Эл;75_90_days;SputnikV;-11.75219;-39.13314;-3.05197
2022.07_16-08-2022;Республика Марий Эл;90_105_days;AllVaccines;NULL;NULL;NULL
2022.07_16-08-2022;Республика Марий Эл;90_105_days;CoviVac;NULL;NULL;NULL
2022.07_16-08-2022;Республика Марий Эл;90_105_days;EpiVacCorona;NULL;NULL;NULL
2022.07_16-08-2022;Республика Марий Эл;90_105_days;SputnikLite;NULL;NULL;NULL
2022.07_16-08-2022;Республика Марий Эл;90_105_days;SputnikV;NULL;NULL;NULL
2022.07_16-08-2022;Республика Мордовия;105_165_days;AllVaccines;-0.60878;-1.30038;-0.12511
2022.07_16-08-2022;Республика Мордовия;105_165_days;CoviVac;NULL;NULL;NULL
2022.07_16-08-2022;Республика Мордовия;105_165_days;EpiVacCorona;-0.47989;-3.62042;0.526
2022.07_16-08-2022;Республика Мордовия;105_165_days;SputnikLite;-0.79803;-1.84014;-0.1383
2022.07_16-08-2022;Республика Мордовия;105_165_days;SputnikV;-0.58677;-1.72108;0.07469
2022.07_16-08-2022;Республика Мордовия;165_195_days;AllVaccines;-0.25896;-1.01031;0.21158
2022.07_16-08-2022;Республика Мордовия;165_195_days;CoviVac;-15.40326;-64.95872;-3.07932
2022.07_16-08-2022;Республика Мордовия;165_195_days;EpiVacCorona;-1.67494;-9.75611;0.33477
2022.07_16-08-2022;Республика Мордовия;165_195_days;SputnikLite;-0.30851;-1.20571;0.22374
2022.07_16-08-2022;Республика Мордовия;165_195_days;SputnikV;-0.06073;-2.31174;0.66026
2022.07_16-08-2022;Республика Мордовия;21_45_days;AllVaccines;-0.37691;-1.78514;0.31928
2022.07_16-08-2022;Республика Мордовия;21_45_days;CoviVac;NULL;NULL;NULL
2022.07_16-08-2022;Республика Мордовия;21_45_days;EpiVacCorona;-1.35112;-5.31485;0.12464
2022.07_16-08-2022;Республика Мордовия;21_45_days;SputnikLite;NULL;NULL;NULL
2022.07_16-08-2022;Республика Мордовия;21_45_days;SputnikV;-0.22333;-1.96569;0.49538
2022.07_16-08-2022;Республика Мордовия;45_75_days;AllVaccines;-0.39275;-1.95294;0.34311
2022.07_16-08-2022;Республика Мордовия;45_75_days;CoviVac;NULL;NULL;NULL
2022.07_16-08-2022;Республика Мордовия;45_75_days;EpiVacCorona;-5.1811;-18.29826;-0.97976
2022.07_16-08-2022;Республика Мордовия;45_75_days;SputnikLite;-2.40578;-12.69489;0.15302
2022.07_16-08-2022;Республика Мордовия;45_75_days;SputnikV;-0.0051;-1.69959;0.62579
2022.07_16-08-2022;Республика Мордовия;75_90_days;AllVaccines;0.04095;-1.57591;0.64293
2022.07_16-08-2022;Республика Мордовия;75_90_days;CoviVac;NULL;NULL;NULL
2022.07_16-08-2022;Республика Мордовия;75_90_days;EpiVacCorona;NULL;NULL;NULL
2022.07_16-08-2022;Республика Мордовия;75_90_days;SputnikLite;-2.5519;-13.28246;0.11668
2022.07_16-08-2022;Республика Мордовия;75_90_days;SputnikV;0.06373;-1.92317;0.70012
2022.07_16-08-2022;Республика Мордовия;90_105_days;AllVaccines;-1.39485;-3.65937;-0.23092
2022.07_16-08-2022;Республика Мордовия;90_105_days;CoviVac;NULL;NULL;NULL
2022.07_16-08-2022;Республика Мордовия;90_105_days;EpiVacCorona;-13.37966;-43.89534;-3.6057
2022.07_16-08-2022;Республика Мордовия;90_105_days;SputnikLite;-0.72303;-5.92844;0.5715
2022.07_16-08-2022;Республика Мордовия;90_105_days;SputnikV;-1.55579;-4.74541;-0.13692
2022.07_16-08-2022;Республика Саха (Якутия);105_165_days;AllVaccines;-0.09114;-0.29233;0.07872
2022.07_16-08-2022;Республика Саха (Якутия);105_165_days;CoviVac;-0.98649;-5.16368;0.35978
2022.07_16-08-2022;Республика Саха (Якутия);105_165_days;EpiVacCorona;0.25954;-0.97455;0.72233
2022.07_16-08-2022;Республика Саха (Якутия);105_165_days;SputnikLite;-0.28116;-0.70026;0.03463
2022.07_16-08-2022;Республика Саха (Якутия);105_165_days;SputnikV;-0.04334;-0.28811;0.15491
2022.07_16-08-2022;Республика Саха (Якутия);165_195_days;AllVaccines;0.02021;-0.18756;0.19164
2022.07_16-08-2022;Республика Саха (Якутия);165_195_days;CoviVac;-0.90905;-6.6378;0.52284
2022.07_16-08-2022;Республика Саха (Якутия);165_195_days;EpiVacCorona;-1.05847;-5.38702;0.33658
2022.07_16-08-2022;Республика Саха (Якутия);165_195_days;SputnikLite;0.11566;-0.12563;0.30523
2022.07_16-08-2022;Республика Саха (Якутия);165_195_days;SputnikV;-0.22114;-0.67584;0.11019
2022.07_16-08-2022;Республика Саха (Якутия);21_45_days;AllVaccines;0.44679;-0.33037;0.76996
2022.07_16-08-2022;Республика Саха (Якутия);21_45_days;CoviVac;NULL;NULL;NULL
2022.07_16-08-2022;Республика Саха (Якутия);21_45_days;EpiVacCorona;-0.04533;-3.18219;0.73872
2022.07_16-08-2022;Республика Саха (Якутия);21_45_days;SputnikLite;NULL;NULL;NULL
2022.07_16-08-2022;Республика Саха (Якутия);21_45_days;SputnikV;0.37106;-0.67717;0.76415
2022.07_16-08-2022;Республика Саха (Якутия);45_75_days;AllVaccines;-0.0478;-0.77201;0.38042
2022.07_16-08-2022;Республика Саха (Якутия);45_75_days;CoviVac;NULL;NULL;NULL
2022.07_16-08-2022;Республика Саха (Якутия);45_75_days;EpiVacCorona;NULL;NULL;NULL
2022.07_16-08-2022;Республика Саха (Якутия);45_75_days;SputnikLite;-1.96756;-10.87272;0.25827
2022.07_16-08-2022;Республика Саха (Якутия);45_75_days;SputnikV;-0.21431;-1.09448;0.29599
2022.07_16-08-2022;Республика Саха (Якутия);75_90_days;AllVaccines;-1.24275;-2.52264;-0.42789
2022.07_16-08-2022;Республика Саха (Якутия);75_90_days;CoviVac;-8.12429;-35.5048;-1.28059
2022.07_16-08-2022;Республика Саха (Якутия);75_90_days;EpiVacCorona;-0.8871;-6.54997;0.52832
2022.07_16-08-2022;Республика Саха (Якутия);75_90_days;SputnikLite;-3.05741;-9.81976;-0.52153
2022.07_16-08-2022;Республика Саха (Якутия);75_90_days;SputnikV;-1.24981;-2.8048;-0.33033
2022.07_16-08-2022;Республика Саха (Якутия);90_105_days;AllVaccines;-0.36181;-1.19446;0.1549
2022.07_16-08-2022;Республика Саха (Якутия);90_105_days;CoviVac;NULL;NULL;NULL
2022.07_16-08-2022;Республика Саха (Якутия);90_105_days;EpiVacCorona;NULL;NULL;NULL
2022.07_16-08-2022;Республика Саха (Якутия);90_105_days;SputnikLite;-1.39763;-4.76586;0.00299
2022.07_16-08-2022;Республика Саха (Якутия);90_105_days;SputnikV;-0.4552;-1.50998;0.15633
2022.07_16-08-2022;Республика Северная Осетия - Алания;105_165_days;AllVaccines;-0.40683;-1.57334;0.23089
2022.07_16-08-2022;Республика Северная Осетия - Алания;105_165_days;CoviVac;NULL;NULL;NULL
2022.07_16-08-2022;Республика Северная Осетия - Алания;105_165_days;EpiVacCorona;-7.32043;-24.96845;-1.66591
2022.07_16-08-2022;Республика Северная Осетия - Алания;105_165_days;SputnikLite;0.25588;-1.9913;0.81489
2022.07_16-08-2022;Республика Северная Осетия - Алания;105_165_days;SputnikV;-0.7039;-2.44451;0.15713
2022.07_16-08-2022;Республика Северная Осетия - Алания;165_195_days;AllVaccines;-0.17953;-1.38447;0.41652
2022.07_16-08-2022;Республика Северная Осетия - Алания;165_195_days;CoviVac;NULL;NULL;NULL
2022.07_16-08-2022;Республика Северная Осетия - Алания;165_195_days;EpiVacCorona;-0.68225;-5.76255;0.58152
2022.07_16-08-2022;Республика Северная Осетия - Алания;165_195_days;SputnikLite;-0.50844;-2.65519;0.37749
2022.07_16-08-2022;Республика Северная Осетия - Алания;165_195_days;SputnikV;-0.33988;-3.18184;0.57069
2022.07_16-08-2022;Республика Северная Осетия - Алания;21_45_days;AllVaccines;-1.00959;-5.27203;0.35612
2022.07_16-08-2022;Республика Северная Осетия - Алания;21_45_days;CoviVac;NULL;NULL;NULL
2022.07_16-08-2022;Республика Северная Осетия - Алания;21_45_days;EpiVacCorona;NULL;NULL;NULL
2022.07_16-08-2022;Республика Северная Осетия - Алания;21_45_days;SputnikLite;-17.66681;-74.03933;-3.64356
2022.07_16-08-2022;Республика Северная Осетия - Алания;21_45_days;SputnikV;-0.50283;-5.04127;0.62616
2022.07_16-08-2022;Республика Северная Осетия - Алания;45_75_days;AllVaccines;-0.77449;-4.53825;0.43145
2022.07_16-08-2022;Республика Северная Осетия - Алания;45_75_days;CoviVac;NULL;NULL;NULL
2022.07_16-08-2022;Республика Северная Осетия - Алания;45_75_days;EpiVacCorona;NULL;NULL;NULL
2022.07_16-08-2022;Республика Северная Осетия - Алания;45_75_days;SputnikLite;NULL;NULL;NULL
2022.07_16-08-2022;Республика Северная Осетия - Алания;45_75_days;SputnikV;-1.11366;-5.59684;0.32277
2022.07_16-08-2022;Республика Северная Осетия - Алания;75_90_days;AllVaccines;-2.69148;-10.52129;-0.18277
2022.07_16-08-2022;Республика Северная Осетия - Алания;75_90_days;CoviVac;-12.15494;-51.88196;-2.27243
2022.07_16-08-2022;Республика Северная Осетия - Алания;75_90_days;EpiVacCorona;NULL;NULL;NULL
2022.07_16-08-2022;Республика Северная Осетия - Алания;75_90_days;SputnikLite;NULL;NULL;NULL
2022.07_16-08-2022;Республика Северная Осетия - Алания;75_90_days;SputnikV;-2.33819;-12.41932;0.16959
2022.07_16-08-2022;Республика Северная Осетия - Алания;90_105_days;AllVaccines;NULL;NULL;NULL
2022.07_16-08-2022;Республика Северная Осетия - Алания;90_105_days;CoviVac;NULL;NULL;NULL
2022.07_16-08-2022;Республика Северная Осетия - Алания;90_105_days;EpiVacCorona;NULL;NULL;NULL
2022.07_16-08-2022;Республика Северная Осетия - Алания;90_105_days;SputnikLite;NULL;NULL;NULL
2022.07_16-08-2022;Республика Северная Осетия - Алания;90_105_days;SputnikV;NULL;NULL;NULL
2022.07_16-08-2022;Республика Татарстан;105_165_days;AllVaccines;-0.24794;-0.49569;-0.04124
2022.07_16-08-2022;Республика Татарстан;105_165_days;CoviVac;-4.01619;-11.06336;-1.08584
2022.07_16-08-2022;Республика Татарстан;105_165_days;EpiVacCorona;-0.48071;-3.59447;0.52279
2022.07_16-08-2022;Республика Татарстан;105_165_days;SputnikLite;-0.32631;-0.74171;-0.00999
2022.07_16-08-2022;Республика Татарстан;105_165_days;SputnikV;-0.15752;-0.4787;0.0939
2022.07_16-08-2022;Республика Татарстан;165_195_days;AllVaccines;0.03174;-0.23473;0.2407
2022.07_16-08-2022;Республика Татарстан;165_195_days;CoviVac;-4.8622;-22.45414;-0.46522
2022.07_16-08-2022;Республика Татарстан;165_195_days;EpiVacCorona;-1.53216;-6.85699;0.18393
2022.07_16-08-2022;Республика Татарстан;165_195_days;SputnikLite;-0.08778;-0.48711;0.20432
2022.07_16-08-2022;Республика Татарстан;165_195_days;SputnikV;0.1898;-0.20168;0.45375
2022.07_16-08-2022;Республика Татарстан;21_45_days;AllVaccines;0.32551;-0.2553;0.63759
2022.07_16-08-2022;Республика Татарстан;21_45_days;CoviVac;NULL;NULL;NULL
2022.07_16-08-2022;Республика Татарстан;21_45_days;EpiVacCorona;NULL;NULL;NULL
2022.07_16-08-2022;Республика Татарстан;21_45_days;SputnikLite;-0.40508;-3.35978;0.54717
2022.07_16-08-2022;Республика Татарстан;21_45_days;SputnikV;0.28923;-0.42301;0.64498
2022.07_16-08-2022;Республика Татарстан;45_75_days;AllVaccines;-0.30292;-1.09967;0.19149
2022.07_16-08-2022;Республика Татарстан;45_75_days;CoviVac;NULL;NULL;NULL
2022.07_16-08-2022;Республика Татарстан;45_75_days;EpiVacCorona;NULL;NULL;NULL
2022.07_16-08-2022;Республика Татарстан;45_75_days;SputnikLite;-0.57872;-2.16072;0.21145
2022.07_16-08-2022;Республика Татарстан;45_75_days;SputnikV;-0.40255;-1.61032;0.2464
2022.07_16-08-2022;Республика Татарстан;75_90_days;AllVaccines;0.17088;-0.84751;0.62791
2022.07_16-08-2022;Республика Татарстан;75_90_days;CoviVac;NULL;NULL;NULL
2022.07_16-08-2022;Республика Татарстан;75_90_days;EpiVacCorona;NULL;NULL;NULL
2022.07_16-08-2022;Республика Татарстан;75_90_days;SputnikLite;-0.5158;-2.64532;0.3697
2022.07_16-08-2022;Республика Татарстан;75_90_days;SputnikV;0.42414;-1.30397;0.85607
2022.07_16-08-2022;Республика Татарстан;90_105_days;AllVaccines;-0.17689;-1.07547;0.33265
2022.07_16-08-2022;Республика Татарстан;90_105_days;CoviVac;NULL;NULL;NULL
2022.07_16-08-2022;Республика Татарстан;90_105_days;EpiVacCorona;-1.31642;-8.26781;0.42103
2022.07_16-08-2022;Республика Татарстан;90_105_days;SputnikLite;-0.15303;-1.77289;0.52055
2022.07_16-08-2022;Республика Татарстан;90_105_days;SputnikV;-0.42446;-1.99141;0.3217
2022.07_16-08-2022;Республика Тыва;105_165_days;AllVaccines;0.08195;-1.00203;0.57902
2022.07_16-08-2022;Республика Тыва;105_165_days;CoviVac;NULL;NULL;NULL
2022.07_16-08-2022;Республика Тыва;105_165_days;EpiVacCorona;NULL;NULL;NULL
2022.07_16-08-2022;Республика Тыва;105_165_days;SputnikLite;0.2376;-1.42212;0.76002
2022.07_16-08-2022;Республика Тыва;105_165_days;SputnikV;-0.48839;-2.69262;0.40007
2022.07_16-08-2022;Республика Тыва;165_195_days;AllVaccines;-0.03089;-1.55757;0.58448
2022.07_16-08-2022;Республика Тыва;165_195_days;CoviVac;NULL;NULL;NULL
2022.07_16-08-2022;Республика Тыва;165_195_days;EpiVacCorona;NULL;NULL;NULL
2022.07_16-08-2022;Республика Тыва;165_195_days;SputnikLite;-0.0383;-1.84612;0.62122
2022.07_16-08-2022;Республика Тыва;165_195_days;SputnikV;-1.11913;-7.64137;0.48033
2022.07_16-08-2022;Республика Тыва;21_45_days;AllVaccines;-0.6971;-5.92043;0.58382
2022.07_16-08-2022;Республика Тыва;21_45_days;CoviVac;NULL;NULL;NULL
2022.07_16-08-2022;Республика Тыва;21_45_days;EpiVacCorona;NULL;NULL;NULL
2022.07_16-08-2022;Республика Тыва;21_45_days;SputnikLite;NULL;NULL;NULL
2022.07_16-08-2022;Республика Тыва;21_45_days;SputnikV;-2.70996;-14.12845;0.09021
2022.07_16-08-2022;Республика Тыва;45_75_days;AllVaccines;-0.42075;-4.79355;0.65159
2022.07_16-08-2022;Республика Тыва;45_75_days;CoviVac;NULL;NULL;NULL
2022.07_16-08-2022;Республика Тыва;45_75_days;EpiVacCorona;-5.62759;-26.02597;-0.62529
2022.07_16-08-2022;Республика Тыва;45_75_days;SputnikLite;NULL;NULL;NULL
2022.07_16-08-2022;Республика Тыва;45_75_days;SputnikV;NULL;NULL;NULL
2022.07_16-08-2022;Республика Тыва;75_90_days;AllVaccines;NULL;NULL;NULL
2022.07_16-08-2022;Республика Тыва;75_90_days;CoviVac;NULL;NULL;NULL
2022.07_16-08-2022;Республика Тыва;75_90_days;EpiVacCorona;NULL;NULL;NULL
2022.07_16-08-2022;Республика Тыва;75_90_days;SputnikLite;NULL;NULL;NULL
2022.07_16-08-2022;Республика Тыва;75_90_days;SputnikV;NULL;NULL;NULL
2022.07_16-08-2022;Республика Тыва;90_105_days;AllVaccines;-2.06553;-8.73904;0.03507
2022.07_16-08-2022;Республика Тыва;90_105_days;CoviVac;NULL;NULL;NULL
2022.07_16-08-2022;Республика Тыва;90_105_days;EpiVacCorona;NULL;NULL;NULL
2022.07_16-08-2022;Республика Тыва;90_105_days;SputnikLite;NULL;NULL;NULL
2022.07_16-08-2022;Республика Тыва;90_105_days;SputnikV;-6.51573;-22.87715;-1.3657
2022.07_16-08-2022;Республика Хакасия;105_165_days;AllVaccines;-0.29231;-1.11678;0.21104
2022.07_16-08-2022;Республика Хакасия;105_165_days;CoviVac;NULL;NULL;NULL
2022.07_16-08-2022;Республика Хакасия;105_165_days;EpiVacCorona;NULL;NULL;NULL
2022.07_16-08-2022;Республика Хакасия;105_165_days;SputnikLite;0.26436;-0.78416;0.69668
2022.07_16-08-2022;Республика Хакасия;105_165_days;SputnikV;-1.34037;-3.094;-0.33789
2022.07_16-08-2022;Республика Хакасия;165_195_days;AllVaccines;-0.51057;-1.50924;0.09064
2022.07_16-08-2022;Республика Хакасия;165_195_days;CoviVac;-10.63132;-45.78084;-1.89194
2022.07_16-08-2022;Республика Хакасия;165_195_days;EpiVacCorona;-4.60166;-21.52971;-0.39276
2022.07_16-08-2022;Республика Хакасия;165_195_days;SputnikLite;-0.83188;-2.14377;-0.06744
2022.07_16-08-2022;Республика Хакасия;165_195_days;SputnikV;NULL;NULL;NULL
2022.07_16-08-2022;Республика Хакасия;21_45_days;AllVaccines;NULL;NULL;NULL
2022.07_16-08-2022;Республика Хакасия;21_45_days;EpiVacCorona;NULL;NULL;NULL
2022.07_16-08-2022;Республика Хакасия;21_45_days;SputnikLite;NULL;NULL;NULL
2022.07_16-08-2022;Республика Хакасия;21_45_days;SputnikV;NULL;NULL;NULL
2022.07_16-08-2022;Республика Хакасия;45_75_days;AllVaccines;-1.21948;-7.92668;0.44816
2022.07_16-08-2022;Республика Хакасия;45_75_days;CoviVac;NULL;NULL;NULL
2022.07_16-08-2022;Республика Хакасия;45_75_days;EpiVacCorona;NULL;NULL;NULL
2022.07_16-08-2022;Республика Хакасия;45_75_days;SputnikLite;NULL;NULL;NULL
2022.07_16-08-2022;Республика Хакасия;45_75_days;SputnikV;-1.67854;-9.77302;0.33402
2022.07_16-08-2022;Республика Хакасия;75_90_days;AllVaccines;NULL;NULL;NULL
2022.07_16-08-2022;Республика Хакасия;75_90_days;CoviVac;NULL;NULL;NULL
2022.07_16-08-2022;Республика Хакасия;75_90_days;EpiVacCorona;NULL;NULL;NULL
2022.07_16-08-2022;Республика Хакасия;75_90_days;SputnikLite;NULL;NULL;NULL
2022.07_16-08-2022;Республика Хакасия;75_90_days;SputnikV;NULL;NULL;NULL
2022.07_16-08-2022;Республика Хакасия;90_105_days;AllVaccines;-2.98333;-11.44058;-0.27541
2022.07_16-08-2022;Республика Хакасия;90_105_days;CoviVac;NULL;NULL;NULL
2022.07_16-08-2022;Республика Хакасия;90_105_days;EpiVacCorona;-49.82679;-203.42391;-11.63728
2022.07_16-08-2022;Республика Хакасия;90_105_days;SputnikLite;NULL;NULL;NULL
2022.07_16-08-2022;Республика Хакасия;90_105_days;SputnikV;-2.48995;-13.03649;0.13228
2022.07_16-08-2022;Ростовская область;105_165_days;AllVaccines;0.12092;-0.04304;0.25911
2022.07_16-08-2022;Ростовская область;105_165_days;CoviVac;-1.46878;-4.93707;-0.02658
2022.07_16-08-2022;Ростовская область;105_165_days;EpiVacCorona;0.48169;-0.38219;0.80564
2022.07_16-08-2022;Ростовская область;105_165_days;SputnikLite;0.06528;-0.23379;0.29185
2022.07_16-08-2022;Ростовская область;105_165_days;SputnikV;0.1186;-0.09741;0.29209
2022.07_16-08-2022;Ростовская область;165_195_days;AllVaccines;-0.15744;-0.42142;0.05751
2022.07_16-08-2022;Ростовская область;165_195_days;CoviVac;-3.90239;-14.21142;-0.57996
2022.07_16-08-2022;Ростовская область;165_195_days;EpiVacCorona;-3.01442;-9.70532;-0.50538
2022.07_16-08-2022;Ростовская область;165_195_days;SputnikLite;-0.26138;-0.64832;0.03473
2022.07_16-08-2022;Ростовская область;165_195_days;SputnikV;0.03052;-0.34755;0.30253
2022.07_16-08-2022;Ростовская область;21_45_days;AllVaccines;-0.23241;-0.77763;0.14559
2022.07_16-08-2022;Ростовская область;21_45_days;CoviVac;NULL;NULL;NULL
2022.07_16-08-2022;Ростовская область;21_45_days;EpiVacCorona;-1.68823;-4.64533;-0.2801
2022.07_16-08-2022;Ростовская область;21_45_days;SputnikLite;NULL;NULL;NULL
2022.07_16-08-2022;Ростовская область;21_45_days;SputnikV;-0.17219;-0.76764;0.22268
2022.07_16-08-2022;Ростовская область;45_75_days;AllVaccines;0.11074;-0.32956;0.40523
2022.07_16-08-2022;Ростовская область;45_75_days;CoviVac;NULL;NULL;NULL
2022.07_16-08-2022;Ростовская область;45_75_days;EpiVacCorona;-1.13202;-4.6855;0.20051
2022.07_16-08-2022;Ростовская область;45_75_days;SputnikLite;-0.61061;-3.9975;0.48093
2022.07_16-08-2022;Ростовская область;45_75_days;SputnikV;0.09676;-0.41876;0.42496
2022.07_16-08-2022;Ростовская область;75_90_days;AllVaccines;0.24957;-0.32337;0.57447
2022.07_16-08-2022;Ростовская область;75_90_days;CoviVac;NULL;NULL;NULL
2022.07_16-08-2022;Ростовская область;75_90_days;EpiVacCorona;NULL;NULL;NULL
2022.07_16-08-2022;Ростовская область;75_90_days;SputnikLite;-2.51799;-6.83896;-0.57882
2022.07_16-08-2022;Ростовская область;75_90_days;SputnikV;0.42643;-0.2045;0.72688
