data_point,region,vac_interval_group,age_group,vaccine,vac_count
2021.11_11-11-2022,Московская область,21_165_days,18+,AllVaccines,2987712
2021.11_11-11-2022,Московская область,21_165_days,18+,CoviVac,43666
2021.11_11-11-2022,Московская область,21_165_days,18+,EpiVacCorona,52272
2021.11_11-11-2022,Московская область,21_165_days,18+,SputnikLite,174448
2021.11_11-11-2022,Московская область,21_165_days,18+,SputnikV,2717326
2021.11_11-11-2022,Московская область,21_165_days,18-59,AllVaccines,2413894
2021.11_11-11-2022,Московская область,21_165_days,18-59,CoviVac,34544
2021.11_11-11-2022,Московская область,21_165_days,18-59,EpiVacCorona,33875
2021.11_11-11-2022,Московская область,21_165_days,18-59,SputnikLite,93589
2021.11_11-11-2022,Московская область,21_165_days,18-59,SputnikV,2251886
2021.11_11-11-2022,Московская область,21_165_days,60+,AllVaccines,573818
2021.11_11-11-2022,Московская область,21_165_days,60+,CoviVac,9122
2021.11_11-11-2022,Московская область,21_165_days,60+,EpiVacCorona,18397
2021.11_11-11-2022,Московская область,21_165_days,60+,SputnikLite,80859
2021.11_11-11-2022,Московская область,21_165_days,60+,SputnikV,465440
2021.11_11-11-2022,РФ,21_165_days,18+,AllVaccines,41053957
2021.11_11-11-2022,РФ,21_165_days,18+,CoviVac,544187
2021.11_11-11-2022,РФ,21_165_days,18+,EpiVacCorona,1421919
2021.11_11-11-2022,РФ,21_165_days,18+,SputnikLite,6847581
2021.11_11-11-2022,РФ,21_165_days,18+,SputnikV,32240270
2021.11_11-11-2022,РФ,21_165_days,18-59,AllVaccines,30929833
2021.11_11-11-2022,РФ,21_165_days,18-59,CoviVac,467555
2021.11_11-11-2022,РФ,21_165_days,18-59,EpiVacCorona,956139
2021.11_11-11-2022,РФ,21_165_days,18-59,SputnikLite,4974525
2021.11_11-11-2022,РФ,21_165_days,18-59,SputnikV,24531614
2021.11_11-11-2022,РФ,21_165_days,60+,AllVaccines,10124124
2021.11_11-11-2022,РФ,21_165_days,60+,CoviVac,76632
2021.11_11-11-2022,РФ,21_165_days,60+,EpiVacCorona,465780
2021.11_11-11-2022,РФ,21_165_days,60+,SputnikLite,1873056
2021.11_11-11-2022,РФ,21_165_days,60+,SputnikV,7708656
2021.11_11-11-2022,г. Санкт-Петербург,21_165_days,18+,AllVaccines,1524773
2021.11_11-11-2022,г. Санкт-Петербург,21_165_days,18+,CoviVac,37565
2021.11_11-11-2022,г. Санкт-Петербург,21_165_days,18+,EpiVacCorona,28508
2021.11_11-11-2022,г. Санкт-Петербург,21_165_days,18+,SputnikLite,415776
2021.11_11-11-2022,г. Санкт-Петербург,21_165_days,18+,SputnikV,1042924
2021.11_11-11-2022,г. Санкт-Петербург,21_165_days,18-59,AllVaccines,1175518
2021.11_11-11-2022,г. Санкт-Петербург,21_165_days,18-59,CoviVac,35654
2021.11_11-11-2022,г. Санкт-Петербург,21_165_days,18-59,EpiVacCorona,14909
2021.11_11-11-2022,г. Санкт-Петербург,21_165_days,18-59,SputnikLite,334390
2021.11_11-11-2022,г. Санкт-Петербург,21_165_days,18-59,SputnikV,790565
2021.11_11-11-2022,г. Санкт-Петербург,21_165_days,60+,AllVaccines,349255
2021.11_11-11-2022,г. Санкт-Петербург,21_165_days,60+,CoviVac,1911
2021.11_11-11-2022,г. Санкт-Петербург,21_165_days,60+,EpiVacCorona,13599
2021.11_11-11-2022,г. Санкт-Петербург,21_165_days,60+,SputnikLite,81386
2021.11_11-11-2022,г. Санкт-Петербург,21_165_days,60+,SputnikV,252359
2021.12_13-10-2022,Московская область,21_165_days,18+,AllVaccines,3419352
2021.12_13-10-2022,Московская область,21_165_days,18+,CoviVac,41913
2021.12_13-10-2022,Московская область,21_165_days,18+,EpiVacCorona,47032
2021.12_13-10-2022,Московская область,21_165_days,18+,SputnikLite,451644
2021.12_13-10-2022,Московская область,21_165_days,18+,SputnikV,2878763
2021.12_13-10-2022,Московская область,21_165_days,18-59,AllVaccines,2689012
2021.12_13-10-2022,Московская область,21_165_days,18-59,CoviVac,33097
2021.12_13-10-2022,Московская область,21_165_days,18-59,EpiVacCorona,31221
2021.12_13-10-2022,Московская область,21_165_days,18-59,SputnikLite,240646
2021.12_13-10-2022,Московская область,21_165_days,18-59,SputnikV,2384048
2021.12_13-10-2022,Московская область,21_165_days,60+,AllVaccines,730340
2021.12_13-10-2022,Московская область,21_165_days,60+,CoviVac,8816
2021.12_13-10-2022,Московская область,21_165_days,60+,EpiVacCorona,15811
2021.12_13-10-2022,Московская область,21_165_days,60+,SputnikLite,210998
2021.12_13-10-2022,Московская область,21_165_days,60+,SputnikV,494715
2021.12_13-10-2022,РФ,21_165_days,18+,AllVaccines,54619732
2021.12_13-10-2022,РФ,21_165_days,18+,CoviVac,657659
2021.12_13-10-2022,РФ,21_165_days,18+,EpiVacCorona,1288910
2021.12_13-10-2022,РФ,21_165_days,18+,SputnikLite,14231243
2021.12_13-10-2022,РФ,21_165_days,18+,SputnikV,38441920
2021.12_13-10-2022,РФ,21_165_days,18-59,AllVaccines,41073128
2021.12_13-10-2022,РФ,21_165_days,18-59,CoviVac,561900
2021.12_13-10-2022,РФ,21_165_days,18-59,EpiVacCorona,941894
2021.12_13-10-2022,РФ,21_165_days,18-59,SputnikLite,9510954
2021.12_13-10-2022,РФ,21_165_days,18-59,SputnikV,30058380
2021.12_13-10-2022,РФ,21_165_days,60+,AllVaccines,13546604
2021.12_13-10-2022,РФ,21_165_days,60+,CoviVac,95759
2021.12_13-10-2022,РФ,21_165_days,60+,EpiVacCorona,347016
2021.12_13-10-2022,РФ,21_165_days,60+,SputnikLite,4720289
2021.12_13-10-2022,РФ,21_165_days,60+,SputnikV,8383540
2021.12_13-10-2022,г. Санкт-Петербург,21_165_days,18+,AllVaccines,2225087
2021.12_13-10-2022,г. Санкт-Петербург,21_165_days,18+,CoviVac,34633
2021.12_13-10-2022,г. Санкт-Петербург,21_165_days,18+,EpiVacCorona,16270
2021.12_13-10-2022,г. Санкт-Петербург,21_165_days,18+,SputnikLite,801800
2021.12_13-10-2022,г. Санкт-Петербург,21_165_days,18+,SputnikV,1372384
2021.12_13-10-2022,г. Санкт-Петербург,21_165_days,18-59,AllVaccines,1715698
2021.12_13-10-2022,г. Санкт-Петербург,21_165_days,18-59,CoviVac,32819
2021.12_13-10-2022,г. Санкт-Петербург,21_165_days,18-59,EpiVacCorona,11279
2021.12_13-10-2022,г. Санкт-Петербург,21_165_days,18-59,SputnikLite,600407
2021.12_13-10-2022,г. Санкт-Петербург,21_165_days,18-59,SputnikV,1071193
2021.12_13-10-2022,г. Санкт-Петербург,21_165_days,60+,AllVaccines,509389
2021.12_13-10-2022,г. Санкт-Петербург,21_165_days,60+,CoviVac,1814
2021.12_13-10-2022,г. Санкт-Петербург,21_165_days,60+,EpiVacCorona,4991
2021.12_13-10-2022,г. Санкт-Петербург,21_165_days,60+,SputnikLite,201393
2021.12_13-10-2022,г. Санкт-Петербург,21_165_days,60+,SputnikV,301191
2022.01_13-10-2022,Московская область,21_165_days,18+,AllVaccines,2386061
2022.01_13-10-2022,Московская область,21_165_days,18+,CoviVac,28307
2022.01_13-10-2022,Московская область,21_165_days,18+,EpiVacCorona,32641
2022.01_13-10-2022,Московская область,21_165_days,18+,SputnikLite,583443
2022.01_13-10-2022,Московская область,21_165_days,18+,SputnikV,1741670
2022.01_13-10-2022,Московская область,21_165_days,18-59,AllVaccines,1735390
2022.01_13-10-2022,Московская область,21_165_days,18-59,CoviVac,21300
2022.01_13-10-2022,Московская область,21_165_days,18-59,EpiVacCorona,19028
2022.01_13-10-2022,Московская область,21_165_days,18-59,SputnikLite,323284
2022.01_13-10-2022,Московская область,21_165_days,18-59,SputnikV,1371778
2022.01_13-10-2022,Московская область,21_165_days,60+,AllVaccines,650671
2022.01_13-10-2022,Московская область,21_165_days,60+,CoviVac,7007
2022.01_13-10-2022,Московская область,21_165_days,60+,EpiVacCorona,13613
2022.01_13-10-2022,Московская область,21_165_days,60+,SputnikLite,260159
2022.01_13-10-2022,Московская область,21_165_days,60+,SputnikV,369892
2022.01_13-10-2022,РФ,21_165_days,18+,AllVaccines,47726014
2022.01_13-10-2022,РФ,21_165_days,18+,CoviVac,515890
2022.01_13-10-2022,РФ,21_165_days,18+,EpiVacCorona,1100802
2022.01_13-10-2022,РФ,21_165_days,18+,SputnikLite,16762341
2022.01_13-10-2022,РФ,21_165_days,18+,SputnikV,29346981
2022.01_13-10-2022,РФ,21_165_days,18-59,AllVaccines,34551903
2022.01_13-10-2022,РФ,21_165_days,18-59,CoviVac,430893
2022.01_13-10-2022,РФ,21_165_days,18-59,EpiVacCorona,772789
2022.01_13-10-2022,РФ,21_165_days,18-59,SputnikLite,11046690
2022.01_13-10-2022,РФ,21_165_days,18-59,SputnikV,22301531
2022.01_13-10-2022,РФ,21_165_days,60+,AllVaccines,13174111
2022.01_13-10-2022,РФ,21_165_days,60+,CoviVac,84997
2022.01_13-10-2022,РФ,21_165_days,60+,EpiVacCorona,328013
2022.01_13-10-2022,РФ,21_165_days,60+,SputnikLite,5715651
2022.01_13-10-2022,РФ,21_165_days,60+,SputnikV,7045450
2022.01_13-10-2022,г. Санкт-Петербург,21_165_days,18+,AllVaccines,2127315
2022.01_13-10-2022,г. Санкт-Петербург,21_165_days,18+,CoviVac,25169
2022.01_13-10-2022,г. Санкт-Петербург,21_165_days,18+,EpiVacCorona,15334
2022.01_13-10-2022,г. Санкт-Петербург,21_165_days,18+,SputnikLite,912181
2022.01_13-10-2022,г. Санкт-Петербург,21_165_days,18+,SputnikV,1174631
2022.01_13-10-2022,г. Санкт-Петербург,21_165_days,18-59,AllVaccines,1601852
2022.01_13-10-2022,г. Санкт-Петербург,21_165_days,18-59,CoviVac,23727
2022.01_13-10-2022,г. Санкт-Петербург,21_165_days,18-59,EpiVacCorona,10589
2022.01_13-10-2022,г. Санкт-Петербург,21_165_days,18-59,SputnikLite,671286
2022.01_13-10-2022,г. Санкт-Петербург,21_165_days,18-59,SputnikV,896250
2022.01_13-10-2022,г. Санкт-Петербург,21_165_days,60+,AllVaccines,525463
2022.01_13-10-2022,г. Санкт-Петербург,21_165_days,60+,CoviVac,1442
2022.01_13-10-2022,г. Санкт-Петербург,21_165_days,60+,EpiVacCorona,4745
2022.01_13-10-2022,г. Санкт-Петербург,21_165_days,60+,SputnikLite,240895
2022.01_13-10-2022,г. Санкт-Петербург,21_165_days,60+,SputnikV,278381
2022.02_01-07-2022,Московская область,21_165_days,18+,AllVaccines,2385687
2022.02_01-07-2022,Московская область,21_165_days,18+,CoviVac,28296
2022.02_01-07-2022,Московская область,21_165_days,18+,EpiVacCorona,32620
2022.02_01-07-2022,Московская область,21_165_days,18+,SputnikLite,583314
2022.02_01-07-2022,Московская область,21_165_days,18+,SputnikV,1741457
2022.02_01-07-2022,Московская область,21_165_days,18-59,AllVaccines,1735075
2022.02_01-07-2022,Московская область,21_165_days,18-59,CoviVac,21291
2022.02_01-07-2022,Московская область,21_165_days,18-59,EpiVacCorona,19017
2022.02_01-07-2022,Московская область,21_165_days,18-59,SputnikLite,323178
2022.02_01-07-2022,Московская область,21_165_days,18-59,SputnikV,1371589
2022.02_01-07-2022,Московская область,21_165_days,60+,AllVaccines,650612
2022.02_01-07-2022,Московская область,21_165_days,60+,CoviVac,7005
2022.02_01-07-2022,Московская область,21_165_days,60+,EpiVacCorona,13603
2022.02_01-07-2022,Московская область,21_165_days,60+,SputnikLite,260136
2022.02_01-07-2022,Московская область,21_165_days,60+,SputnikV,369868
2022.02_01-07-2022,РФ,21_165_days,18+,AllVaccines,47718150
2022.02_01-07-2022,РФ,21_165_days,18+,CoviVac,515732
2022.02_01-07-2022,РФ,21_165_days,18+,EpiVacCorona,1099646
2022.02_01-07-2022,РФ,21_165_days,18+,SputnikLite,16764039
2022.02_01-07-2022,РФ,21_165_days,18+,SputnikV,29338733
2022.02_01-07-2022,РФ,21_165_days,18-59,AllVaccines,34546266
2022.02_01-07-2022,РФ,21_165_days,18-59,CoviVac,430768
2022.02_01-07-2022,РФ,21_165_days,18-59,EpiVacCorona,772295
2022.02_01-07-2022,РФ,21_165_days,18-59,SputnikLite,11047478
2022.02_01-07-2022,РФ,21_165_days,18-59,SputnikV,22295725
2022.02_01-07-2022,РФ,21_165_days,60+,AllVaccines,13171884
2022.02_01-07-2022,РФ,21_165_days,60+,CoviVac,84964
2022.02_01-07-2022,РФ,21_165_days,60+,EpiVacCorona,327351
2022.02_01-07-2022,РФ,21_165_days,60+,SputnikLite,5716561
2022.02_01-07-2022,РФ,21_165_days,60+,SputnikV,7043008
2022.02_01-07-2022,г. Санкт-Петербург,21_165_days,18+,AllVaccines,2127174
2022.02_01-07-2022,г. Санкт-Петербург,21_165_days,18+,CoviVac,25171
2022.02_01-07-2022,г. Санкт-Петербург,21_165_days,18+,EpiVacCorona,15339
2022.02_01-07-2022,г. Санкт-Петербург,21_165_days,18+,SputnikLite,911990
2022.02_01-07-2022,г. Санкт-Петербург,21_165_days,18+,SputnikV,1174674
2022.02_01-07-2022,г. Санкт-Петербург,21_165_days,18-59,AllVaccines,1601702
2022.02_01-07-2022,г. Санкт-Петербург,21_165_days,18-59,CoviVac,23729
2022.02_01-07-2022,г. Санкт-Петербург,21_165_days,18-59,EpiVacCorona,10590
2022.02_01-07-2022,г. Санкт-Петербург,21_165_days,18-59,SputnikLite,671119
2022.02_01-07-2022,г. Санкт-Петербург,21_165_days,18-59,SputnikV,896264
2022.02_01-07-2022,г. Санкт-Петербург,21_165_days,60+,AllVaccines,525472
2022.02_01-07-2022,г. Санкт-Петербург,21_165_days,60+,CoviVac,1442
2022.02_01-07-2022,г. Санкт-Петербург,21_165_days,60+,EpiVacCorona,4749
2022.02_01-07-2022,г. Санкт-Петербург,21_165_days,60+,SputnikLite,240871
2022.02_01-07-2022,г. Санкт-Петербург,21_165_days,60+,SputnikV,278410
2022.03_13-10-2022,Московская область,21_165_days,18+,AllVaccines,1741468
2022.03_13-10-2022,Московская область,21_165_days,18+,CoviVac,18946
2022.03_13-10-2022,Московская область,21_165_days,18+,EpiVacCorona,30339
2022.03_13-10-2022,Московская область,21_165_days,18+,SputnikLite,667535
2022.03_13-10-2022,Московская область,21_165_days,18+,SputnikV,1024648
2022.03_13-10-2022,Московская область,21_165_days,18-59,AllVaccines,1174825
2022.03_13-10-2022,Московская область,21_165_days,18-59,CoviVac,13716
2022.03_13-10-2022,Московская область,21_165_days,18-59,EpiVacCorona,17198
2022.03_13-10-2022,Московская область,21_165_days,18-59,SputnikLite,389701
2022.03_13-10-2022,Московская область,21_165_days,18-59,SputnikV,754210
2022.03_13-10-2022,Московская область,21_165_days,60+,AllVaccines,566643
2022.03_13-10-2022,Московская область,21_165_days,60+,CoviVac,5230
2022.03_13-10-2022,Московская область,21_165_days,60+,EpiVacCorona,13141
2022.03_13-10-2022,Московская область,21_165_days,60+,SputnikLite,277834
2022.03_13-10-2022,Московская область,21_165_days,60+,SputnikV,270438
2022.03_13-10-2022,РФ,21_165_days,18+,AllVaccines,38835324
2022.03_13-10-2022,РФ,21_165_days,18+,CoviVac,425746
2022.03_13-10-2022,РФ,21_165_days,18+,EpiVacCorona,1127254
2022.03_13-10-2022,РФ,21_165_days,18+,SputnikLite,15821830
2022.03_13-10-2022,РФ,21_165_days,18+,SputnikV,21460494
2022.03_13-10-2022,РФ,21_165_days,18-59,AllVaccines,26807379
2022.03_13-10-2022,РФ,21_165_days,18-59,CoviVac,346026
2022.03_13-10-2022,РФ,21_165_days,18-59,EpiVacCorona,755544
2022.03_13-10-2022,РФ,21_165_days,18-59,SputnikLite,10233349
2022.03_13-10-2022,РФ,21_165_days,18-59,SputnikV,15472460
2022.03_13-10-2022,РФ,21_165_days,60+,AllVaccines,12027945
2022.03_13-10-2022,РФ,21_165_days,60+,CoviVac,79720
2022.03_13-10-2022,РФ,21_165_days,60+,EpiVacCorona,371710
2022.03_13-10-2022,РФ,21_165_days,60+,SputnikLite,5588481
2022.03_13-10-2022,РФ,21_165_days,60+,SputnikV,5988034
2022.03_13-10-2022,г. Санкт-Петербург,21_165_days,18+,AllVaccines,1666513
2022.03_13-10-2022,г. Санкт-Петербург,21_165_days,18+,CoviVac,14926
2022.03_13-10-2022,г. Санкт-Петербург,21_165_days,18+,EpiVacCorona,16657
2022.03_13-10-2022,г. Санкт-Петербург,21_165_days,18+,SputnikLite,741883
2022.03_13-10-2022,г. Санкт-Петербург,21_165_days,18+,SputnikV,893047
2022.03_13-10-2022,г. Санкт-Петербург,21_165_days,18-59,AllVaccines,1214879
2022.03_13-10-2022,г. Санкт-Петербург,21_165_days,18-59,CoviVac,13941
2022.03_13-10-2022,г. Санкт-Петербург,21_165_days,18-59,EpiVacCorona,11549
2022.03_13-10-2022,г. Санкт-Петербург,21_165_days,18-59,SputnikLite,514124
2022.03_13-10-2022,г. Санкт-Петербург,21_165_days,18-59,SputnikV,675265
2022.03_13-10-2022,г. Санкт-Петербург,21_165_days,60+,AllVaccines,451634
2022.03_13-10-2022,г. Санкт-Петербург,21_165_days,60+,CoviVac,985
2022.03_13-10-2022,г. Санкт-Петербург,21_165_days,60+,EpiVacCorona,5108
2022.03_13-10-2022,г. Санкт-Петербург,21_165_days,60+,SputnikLite,227759
2022.03_13-10-2022,г. Санкт-Петербург,21_165_days,60+,SputnikV,217782
2022.04_13-10-2022,Московская область,21_165_days,18+,AllVaccines,1530402
2022.04_13-10-2022,Московская область,21_165_days,18+,CoviVac,15838
2022.04_13-10-2022,Московская область,21_165_days,18+,EpiVacCorona,30440
2022.04_13-10-2022,Московская область,21_165_days,18+,SputnikLite,563522
2022.04_13-10-2022,Московская область,21_165_days,18+,SputnikV,920602
2022.04_13-10-2022,Московская область,21_165_days,18-59,AllVaccines,1041143
2022.04_13-10-2022,Московская область,21_165_days,18-59,CoviVac,11497
2022.04_13-10-2022,Московская область,21_165_days,18-59,EpiVacCorona,17330
2022.04_13-10-2022,Московская область,21_165_days,18-59,SputnikLite,340209
2022.04_13-10-2022,Московская область,21_165_days,18-59,SputnikV,672107
2022.04_13-10-2022,Московская область,21_165_days,60+,AllVaccines,489259
2022.04_13-10-2022,Московская область,21_165_days,60+,CoviVac,4341
2022.04_13-10-2022,Московская область,21_165_days,60+,EpiVacCorona,13110
2022.04_13-10-2022,Московская область,21_165_days,60+,SputnikLite,223313
2022.04_13-10-2022,Московская область,21_165_days,60+,SputnikV,248495
2022.04_13-10-2022,РФ,21_165_days,18+,AllVaccines,34257542
2022.04_13-10-2022,РФ,21_165_days,18+,CoviVac,418486
2022.04_13-10-2022,РФ,21_165_days,18+,EpiVacCorona,1183974
2022.04_13-10-2022,РФ,21_165_days,18+,SputnikLite,12322146
2022.04_13-10-2022,РФ,21_165_days,18+,SputnikV,20332936
2022.04_13-10-2022,РФ,21_165_days,18-59,AllVaccines,23601669
2022.04_13-10-2022,РФ,21_165_days,18-59,CoviVac,338189
2022.04_13-10-2022,РФ,21_165_days,18-59,EpiVacCorona,786885
2022.04_13-10-2022,РФ,21_165_days,18-59,SputnikLite,7886214
2022.04_13-10-2022,РФ,21_165_days,18-59,SputnikV,14590381
2022.04_13-10-2022,РФ,21_165_days,60+,AllVaccines,10655873
2022.04_13-10-2022,РФ,21_165_days,60+,CoviVac,80297
2022.04_13-10-2022,РФ,21_165_days,60+,EpiVacCorona,397089
2022.04_13-10-2022,РФ,21_165_days,60+,SputnikLite,4435932
2022.04_13-10-2022,РФ,21_165_days,60+,SputnikV,5742555
2022.04_13-10-2022,г. Санкт-Петербург,21_165_days,18+,AllVaccines,1436074
2022.04_13-10-2022,г. Санкт-Петербург,21_165_days,18+,CoviVac,11071
2022.04_13-10-2022,г. Санкт-Петербург,21_165_days,18+,EpiVacCorona,17171
2022.04_13-10-2022,г. Санкт-Петербург,21_165_days,18+,SputnikLite,582888
2022.04_13-10-2022,г. Санкт-Петербург,21_165_days,18+,SputnikV,824944
2022.04_13-10-2022,г. Санкт-Петербург,21_165_days,18-59,AllVaccines,1044911
2022.04_13-10-2022,г. Санкт-Петербург,21_165_days,18-59,CoviVac,10328
2022.04_13-10-2022,г. Санкт-Петербург,21_165_days,18-59,EpiVacCorona,11826
2022.04_13-10-2022,г. Санкт-Петербург,21_165_days,18-59,SputnikLite,397224
2022.04_13-10-2022,г. Санкт-Петербург,21_165_days,18-59,SputnikV,625533
2022.04_13-10-2022,г. Санкт-Петербург,21_165_days,60+,AllVaccines,391163
2022.04_13-10-2022,г. Санкт-Петербург,21_165_days,60+,CoviVac,743
2022.04_13-10-2022,г. Санкт-Петербург,21_165_days,60+,EpiVacCorona,5345
2022.04_13-10-2022,г. Санкт-Петербург,21_165_days,60+,SputnikLite,185664
2022.04_13-10-2022,г. Санкт-Петербург,21_165_days,60+,SputnikV,199411
2022.05_01-07-2022,Московская область,21_165_days,18+,AllVaccines,1529636
2022.05_01-07-2022,Московская область,21_165_days,18+,CoviVac,15824
2022.05_01-07-2022,Московская область,21_165_days,18+,EpiVacCorona,30406
2022.05_01-07-2022,Московская область,21_165_days,18+,SputnikLite,563216
2022.05_01-07-2022,Московская область,21_165_days,18+,SputnikV,920190
2022.05_01-07-2022,Московская область,21_165_days,18-59,AllVaccines,1040568
2022.05_01-07-2022,Московская область,21_165_days,18-59,CoviVac,11484
2022.05_01-07-2022,Московская область,21_165_days,18-59,EpiVacCorona,17308
2022.05_01-07-2022,Московская область,21_165_days,18-59,SputnikLite,340007
2022.05_01-07-2022,Московская область,21_165_days,18-59,SputnikV,671769
2022.05_01-07-2022,Московская область,21_165_days,60+,AllVaccines,489068
2022.05_01-07-2022,Московская область,21_165_days,60+,CoviVac,4340
2022.05_01-07-2022,Московская область,21_165_days,60+,EpiVacCorona,13098
2022.05_01-07-2022,Московская область,21_165_days,60+,SputnikLite,223209
2022.05_01-07-2022,Московская область,21_165_days,60+,SputnikV,248421
2022.05_01-07-2022,РФ,21_165_days,18+,AllVaccines,34234105
2022.05_01-07-2022,РФ,21_165_days,18+,CoviVac,417881
2022.05_01-07-2022,РФ,21_165_days,18+,EpiVacCorona,1180153
2022.05_01-07-2022,РФ,21_165_days,18+,SputnikLite,12322601
2022.05_01-07-2022,РФ,21_165_days,18+,SputnikV,20313470
2022.05_01-07-2022,РФ,21_165_days,18-59,AllVaccines,23586259
2022.05_01-07-2022,РФ,21_165_days,18-59,CoviVac,337674
2022.05_01-07-2022,РФ,21_165_days,18-59,EpiVacCorona,784835
2022.05_01-07-2022,РФ,21_165_days,18-59,SputnikLite,7885984
2022.05_01-07-2022,РФ,21_165_days,18-59,SputnikV,14577766
2022.05_01-07-2022,РФ,21_165_days,60+,AllVaccines,10647846
2022.05_01-07-2022,РФ,21_165_days,60+,CoviVac,80207
2022.05_01-07-2022,РФ,21_165_days,60+,EpiVacCorona,395318
2022.05_01-07-2022,РФ,21_165_days,60+,SputnikLite,4436617
2022.05_01-07-2022,РФ,21_165_days,60+,SputnikV,5735704
2022.05_01-07-2022,г. Санкт-Петербург,21_165_days,18+,AllVaccines,1435548
2022.05_01-07-2022,г. Санкт-Петербург,21_165_days,18+,CoviVac,11070
2022.05_01-07-2022,г. Санкт-Петербург,21_165_days,18+,EpiVacCorona,17173
2022.05_01-07-2022,г. Санкт-Петербург,21_165_days,18+,SputnikLite,582543
2022.05_01-07-2022,г. Санкт-Петербург,21_165_days,18+,SputnikV,824762
2022.05_01-07-2022,г. Санкт-Петербург,21_165_days,18-59,AllVaccines,1044408
2022.05_01-07-2022,г. Санкт-Петербург,21_165_days,18-59,CoviVac,10327
2022.05_01-07-2022,г. Санкт-Петербург,21_165_days,18-59,EpiVacCorona,11827
2022.05_01-07-2022,г. Санкт-Петербург,21_165_days,18-59,SputnikLite,396897
2022.05_01-07-2022,г. Санкт-Петербург,21_165_days,18-59,SputnikV,625357
2022.05_01-07-2022,г. Санкт-Петербург,21_165_days,60+,AllVaccines,391140
2022.05_01-07-2022,г. Санкт-Петербург,21_165_days,60+,CoviVac,743
2022.05_01-07-2022,г. Санкт-Петербург,21_165_days,60+,EpiVacCorona,5346
2022.05_01-07-2022,г. Санкт-Петербург,21_165_days,60+,SputnikLite,185646
2022.05_01-07-2022,г. Санкт-Петербург,21_165_days,60+,SputnikV,199405
2022.06_18-07-2022,Московская область,21_165_days,18+,AllVaccines,1079113
2022.06_18-07-2022,Московская область,21_165_days,18+,CoviVac,10694
2022.06_18-07-2022,Московская область,21_165_days,18+,EpiVacCorona,23302
2022.06_18-07-2022,Московская область,21_165_days,18+,SputnikLite,441571
2022.06_18-07-2022,Московская область,21_165_days,18+,SputnikV,603546
2022.06_18-07-2022,Московская область,21_165_days,18-59,AllVaccines,742588
2022.06_18-07-2022,Московская область,21_165_days,18-59,CoviVac,7924
2022.06_18-07-2022,Московская область,21_165_days,18-59,EpiVacCorona,13527
2022.06_18-07-2022,Московская область,21_165_days,18-59,SputnikLite,277194
2022.06_18-07-2022,Московская область,21_165_days,18-59,SputnikV,443943
2022.06_18-07-2022,Московская область,21_165_days,60+,AllVaccines,336525
2022.06_18-07-2022,Московская область,21_165_days,60+,CoviVac,2770
2022.06_18-07-2022,Московская область,21_165_days,60+,EpiVacCorona,9775
2022.06_18-07-2022,Московская область,21_165_days,60+,SputnikLite,164377
2022.06_18-07-2022,Московская область,21_165_days,60+,SputnikV,159603
2022.06_18-07-2022,РФ,21_165_days,18+,AllVaccines,23428312
2022.06_18-07-2022,РФ,21_165_days,18+,CoviVac,325047
2022.06_18-07-2022,РФ,21_165_days,18+,EpiVacCorona,946472
2022.06_18-07-2022,РФ,21_165_days,18+,SputnikLite,8885547
2022.06_18-07-2022,РФ,21_165_days,18+,SputnikV,13271246
2022.06_18-07-2022,РФ,21_165_days,18-59,AllVaccines,15899027
2022.06_18-07-2022,РФ,21_165_days,18-59,CoviVac,256918
2022.06_18-07-2022,РФ,21_165_days,18-59,EpiVacCorona,607703
2022.06_18-07-2022,РФ,21_165_days,18-59,SputnikLite,5803256
2022.06_18-07-2022,РФ,21_165_days,18-59,SputnikV,9231150
2022.06_18-07-2022,РФ,21_165_days,60+,AllVaccines,7529285
2022.06_18-07-2022,РФ,21_165_days,60+,CoviVac,68129
2022.06_18-07-2022,РФ,21_165_days,60+,EpiVacCorona,338769
2022.06_18-07-2022,РФ,21_165_days,60+,SputnikLite,3082291
2022.06_18-07-2022,РФ,21_165_days,60+,SputnikV,4040096
2022.06_18-07-2022,г. Санкт-Петербург,21_165_days,18+,AllVaccines,977455
2022.06_18-07-2022,г. Санкт-Петербург,21_165_days,18+,CoviVac,7874
2022.06_18-07-2022,г. Санкт-Петербург,21_165_days,18+,EpiVacCorona,13162
2022.06_18-07-2022,г. Санкт-Петербург,21_165_days,18+,SputnikLite,385314
2022.06_18-07-2022,г. Санкт-Петербург,21_165_days,18+,SputnikV,571105
2022.06_18-07-2022,г. Санкт-Петербург,21_165_days,18-59,AllVaccines,710059
2022.06_18-07-2022,г. Санкт-Петербург,21_165_days,18-59,CoviVac,7351
2022.06_18-07-2022,г. Санкт-Петербург,21_165_days,18-59,EpiVacCorona,9102
2022.06_18-07-2022,г. Санкт-Петербург,21_165_days,18-59,SputnikLite,260066
2022.06_18-07-2022,г. Санкт-Петербург,21_165_days,18-59,SputnikV,433540
2022.06_18-07-2022,г. Санкт-Петербург,21_165_days,60+,AllVaccines,267396
2022.06_18-07-2022,г. Санкт-Петербург,21_165_days,60+,CoviVac,523
2022.06_18-07-2022,г. Санкт-Петербург,21_165_days,60+,EpiVacCorona,4060
2022.06_18-07-2022,г. Санкт-Петербург,21_165_days,60+,SputnikLite,125248
2022.06_18-07-2022,г. Санкт-Петербург,21_165_days,60+,SputnikV,137565
2022.07_16-08-2022,Московская область,21_165_days,18+,AllVaccines,727975
2022.07_16-08-2022,Московская область,21_165_days,18+,CoviVac,6011
2022.07_16-08-2022,Московская область,21_165_days,18+,EpiVacCorona,19578
2022.07_16-08-2022,Московская область,21_165_days,18+,SputnikLite,356084
2022.07_16-08-2022,Московская область,21_165_days,18+,SputnikV,346302
2022.07_16-08-2022,Московская область,21_165_days,18-59,AllVaccines,506880
2022.07_16-08-2022,Московская область,21_165_days,18-59,CoviVac,4535
2022.07_16-08-2022,Московская область,21_165_days,18-59,EpiVacCorona,11810
2022.07_16-08-2022,Московская область,21_165_days,18-59,SputnikLite,232953
2022.07_16-08-2022,Московская область,21_165_days,18-59,SputnikV,257582
2022.07_16-08-2022,Московская область,21_165_days,60+,AllVaccines,221095
2022.07_16-08-2022,Московская область,21_165_days,60+,CoviVac,1476
2022.07_16-08-2022,Московская область,21_165_days,60+,EpiVacCorona,7768
2022.07_16-08-2022,Московская область,21_165_days,60+,SputnikLite,123131
2022.07_16-08-2022,Московская область,21_165_days,60+,SputnikV,88720
2022.07_16-08-2022,РФ,21_165_days,18+,AllVaccines,14394336
2022.07_16-08-2022,РФ,21_165_days,18+,CoviVac,254658
2022.07_16-08-2022,РФ,21_165_days,18+,EpiVacCorona,776265
2022.07_16-08-2022,РФ,21_165_days,18+,SputnikLite,5951544
2022.07_16-08-2022,РФ,21_165_days,18+,SputnikV,7411869
2022.07_16-08-2022,РФ,21_165_days,18-59,AllVaccines,9591616
2022.07_16-08-2022,РФ,21_165_days,18-59,CoviVac,194970
2022.07_16-08-2022,РФ,21_165_days,18-59,EpiVacCorona,479054
2022.07_16-08-2022,РФ,21_165_days,18-59,SputnikLite,4060925
2022.07_16-08-2022,РФ,21_165_days,18-59,SputnikV,4856667
2022.07_16-08-2022,РФ,21_165_days,60+,AllVaccines,4802720
2022.07_16-08-2022,РФ,21_165_days,60+,CoviVac,59688
2022.07_16-08-2022,РФ,21_165_days,60+,EpiVacCorona,297211
2022.07_16-08-2022,РФ,21_165_days,60+,SputnikLite,1890619
2022.07_16-08-2022,РФ,21_165_days,60+,SputnikV,2555202
2022.07_16-08-2022,г. Санкт-Петербург,21_165_days,18+,AllVaccines,494436
2022.07_16-08-2022,г. Санкт-Петербург,21_165_days,18+,CoviVac,6082
2022.07_16-08-2022,г. Санкт-Петербург,21_165_days,18+,EpiVacCorona,6834
2022.07_16-08-2022,г. Санкт-Петербург,21_165_days,18+,SputnikLite,219855
2022.07_16-08-2022,г. Санкт-Петербург,21_165_days,18+,SputnikV,261665
2022.07_16-08-2022,г. Санкт-Петербург,21_165_days,18-59,AllVaccines,354190
2022.07_16-08-2022,г. Санкт-Петербург,21_165_days,18-59,CoviVac,5682
2022.07_16-08-2022,г. Санкт-Петербург,21_165_days,18-59,EpiVacCorona,4726
2022.07_16-08-2022,г. Санкт-Петербург,21_165_days,18-59,SputnikLite,151998
2022.07_16-08-2022,г. Санкт-Петербург,21_165_days,18-59,SputnikV,191784
2022.07_16-08-2022,г. Санкт-Петербург,21_165_days,60+,AllVaccines,140246
2022.07_16-08-2022,г. Санкт-Петербург,21_165_days,60+,CoviVac,400
2022.07_16-08-2022,г. Санкт-Петербург,21_165_days,60+,EpiVacCorona,2108
2022.07_16-08-2022,г. Санкт-Петербург,21_165_days,60+,SputnikLite,67857
2022.07_16-08-2022,г. Санкт-Петербург,21_165_days,60+,SputnikV,69881
2022.08_16-09-2022.X,Московская область,21_165_days,18+,AllVaccines,515746
2022.08_16-09-2022.X,Московская область,21_165_days,18+,CoviVac,4694
2022.08_16-09-2022.X,Московская область,21_165_days,18+,EpiVacCorona,18608
2022.08_16-09-2022.X,Московская область,21_165_days,18+,SputnikLite,205149
2022.08_16-09-2022.X,Московская область,21_165_days,18+,SputnikV,287295
2022.08_16-09-2022.X,Московская область,21_165_days,18-59,AllVaccines,359746
2022.08_16-09-2022.X,Московская область,21_165_days,18-59,CoviVac,3583
2022.08_16-09-2022.X,Московская область,21_165_days,18-59,EpiVacCorona,11383
2022.08_16-09-2022.X,Московская область,21_165_days,18-59,SputnikLite,134285
2022.08_16-09-2022.X,Московская область,21_165_days,18-59,SputnikV,210495
2022.08_16-09-2022.X,Московская область,21_165_days,60+,AllVaccines,156000
2022.08_16-09-2022.X,Московская область,21_165_days,60+,CoviVac,1111
2022.08_16-09-2022.X,Московская область,21_165_days,60+,EpiVacCorona,7225
2022.08_16-09-2022.X,Московская область,21_165_days,60+,SputnikLite,70864
2022.08_16-09-2022.X,Московская область,21_165_days,60+,SputnikV,76800
2022.08_16-09-2022.X,РФ,21_165_days,18+,AllVaccines,9877007
2022.08_16-09-2022.X,РФ,21_165_days,18+,CoviVac,211946
2022.08_16-09-2022.X,РФ,21_165_days,18+,EpiVacCorona,670342
2022.08_16-09-2022.X,РФ,21_165_days,18+,SputnikLite,2685483
2022.08_16-09-2022.X,РФ,21_165_days,18+,SputnikV,6309236
2022.08_16-09-2022.X,РФ,21_165_days,18-59,AllVaccines,6385330
2022.08_16-09-2022.X,РФ,21_165_days,18-59,CoviVac,159153
2022.08_16-09-2022.X,РФ,21_165_days,18-59,EpiVacCorona,402106
2022.08_16-09-2022.X,РФ,21_165_days,18-59,SputnikLite,1872579
2022.08_16-09-2022.X,РФ,21_165_days,18-59,SputnikV,3951492
2022.08_16-09-2022.X,РФ,21_165_days,60+,AllVaccines,3491677
2022.08_16-09-2022.X,РФ,21_165_days,60+,CoviVac,52793
2022.08_16-09-2022.X,РФ,21_165_days,60+,EpiVacCorona,268236
2022.08_16-09-2022.X,РФ,21_165_days,60+,SputnikLite,812904
2022.08_16-09-2022.X,РФ,21_165_days,60+,SputnikV,2357744
2022.08_16-09-2022.X,г. Санкт-Петербург,21_165_days,18+,AllVaccines,265852
2022.08_16-09-2022.X,г. Санкт-Петербург,21_165_days,18+,CoviVac,5195
2022.08_16-09-2022.X,г. Санкт-Петербург,21_165_days,18+,EpiVacCorona,4362
2022.08_16-09-2022.X,г. Санкт-Петербург,21_165_days,18+,SputnikLite,91068
2022.08_16-09-2022.X,г. Санкт-Петербург,21_165_days,18+,SputnikV,165227
2022.08_16-09-2022.X,г. Санкт-Петербург,21_165_days,18-59,AllVaccines,187414
2022.08_16-09-2022.X,г. Санкт-Петербург,21_165_days,18-59,CoviVac,4809
2022.08_16-09-2022.X,г. Санкт-Петербург,21_165_days,18-59,EpiVacCorona,2909
2022.08_16-09-2022.X,г. Санкт-Петербург,21_165_days,18-59,SputnikLite,63802
2022.08_16-09-2022.X,г. Санкт-Петербург,21_165_days,18-59,SputnikV,115894
2022.08_16-09-2022.X,г. Санкт-Петербург,21_165_days,60+,AllVaccines,78438
2022.08_16-09-2022.X,г. Санкт-Петербург,21_165_days,60+,CoviVac,386
2022.08_16-09-2022.X,г. Санкт-Петербург,21_165_days,60+,EpiVacCorona,1453
2022.08_16-09-2022.X,г. Санкт-Петербург,21_165_days,60+,SputnikLite,27266
2022.08_16-09-2022.X,г. Санкт-Петербург,21_165_days,60+,SputnikV,49333
2022.09_11-11-2022.X,Московская область,21_165_days,18+,AllVaccines,392163
2022.09_11-11-2022.X,Московская область,21_165_days,18+,CoviVac,2642
2022.09_11-11-2022.X,Московская область,21_165_days,18+,EpiVacCorona,15359
2022.09_11-11-2022.X,Московская область,21_165_days,18+,SputnikLite,111412
2022.09_11-11-2022.X,Московская область,21_165_days,18+,SputnikV,262750
2022.09_11-11-2022.X,Московская область,21_165_days,18-59,AllVaccines,275935
2022.09_11-11-2022.X,Московская область,21_165_days,18-59,CoviVac,1991
2022.09_11-11-2022.X,Московская область,21_165_days,18-59,EpiVacCorona,9468
2022.09_11-11-2022.X,Московская область,21_165_days,18-59,SputnikLite,70274
2022.09_11-11-2022.X,Московская область,21_165_days,18-59,SputnikV,194202
2022.09_11-11-2022.X,Московская область,21_165_days,60+,AllVaccines,116228
2022.09_11-11-2022.X,Московская область,21_165_days,60+,CoviVac,651
2022.09_11-11-2022.X,Московская область,21_165_days,60+,EpiVacCorona,5891
2022.09_11-11-2022.X,Московская область,21_165_days,60+,SputnikLite,41138
2022.09_11-11-2022.X,Московская область,21_165_days,60+,SputnikV,68548
2022.09_11-11-2022.X,РФ,21_165_days,18+,AllVaccines,7052344
2022.09_11-11-2022.X,РФ,21_165_days,18+,CoviVac,165179
2022.09_11-11-2022.X,РФ,21_165_days,18+,EpiVacCorona,491110
2022.09_11-11-2022.X,РФ,21_165_days,18+,SputnikLite,962599
2022.09_11-11-2022.X,РФ,21_165_days,18+,SputnikV,5433456
2022.09_11-11-2022.X,РФ,21_165_days,18-59,AllVaccines,4401555
2022.09_11-11-2022.X,РФ,21_165_days,18-59,CoviVac,121542
2022.09_11-11-2022.X,РФ,21_165_days,18-59,EpiVacCorona,289233
2022.09_11-11-2022.X,РФ,21_165_days,18-59,SputnikLite,653134
2022.09_11-11-2022.X,РФ,21_165_days,18-59,SputnikV,3337646
2022.09_11-11-2022.X,РФ,21_165_days,60+,AllVaccines,2650789
2022.09_11-11-2022.X,РФ,21_165_days,60+,CoviVac,43637
2022.09_11-11-2022.X,РФ,21_165_days,60+,EpiVacCorona,201877
2022.09_11-11-2022.X,РФ,21_165_days,60+,SputnikLite,309465
2022.09_11-11-2022.X,РФ,21_165_days,60+,SputnikV,2095810
2022.09_11-11-2022.X,г. Санкт-Петербург,21_165_days,18+,AllVaccines,160824
2022.09_11-11-2022.X,г. Санкт-Петербург,21_165_days,18+,CoviVac,3303
2022.09_11-11-2022.X,г. Санкт-Петербург,21_165_days,18+,EpiVacCorona,1510
2022.09_11-11-2022.X,г. Санкт-Петербург,21_165_days,18+,SputnikLite,42992
2022.09_11-11-2022.X,г. Санкт-Петербург,21_165_days,18+,SputnikV,113019
2022.09_11-11-2022.X,г. Санкт-Петербург,21_165_days,18-59,AllVaccines,109706
2022.09_11-11-2022.X,г. Санкт-Петербург,21_165_days,18-59,CoviVac,2986
2022.09_11-11-2022.X,г. Санкт-Петербург,21_165_days,18-59,EpiVacCorona,929
2022.09_11-11-2022.X,г. Санкт-Петербург,21_165_days,18-59,SputnikLite,31747
2022.09_11-11-2022.X,г. Санкт-Петербург,21_165_days,18-59,SputnikV,74044
2022.09_11-11-2022.X,г. Санкт-Петербург,21_165_days,60+,AllVaccines,51118
2022.09_11-11-2022.X,г. Санкт-Петербург,21_165_days,60+,CoviVac,317
2022.09_11-11-2022.X,г. Санкт-Петербург,21_165_days,60+,EpiVacCorona,581
2022.09_11-11-2022.X,г. Санкт-Петербург,21_165_days,60+,SputnikLite,11245
2022.09_11-11-2022.X,г. Санкт-Петербург,21_165_days,60+,SputnikV,38975
2022.10_13-12-2022.X,Московская область,21_165_days,18+,AllVaccines,455901
2022.10_13-12-2022.X,Московская область,21_165_days,18+,CoviVac,2147
2022.10_13-12-2022.X,Московская область,21_165_days,18+,EpiVacCorona,13953
2022.10_13-12-2022.X,Московская область,21_165_days,18+,SputnikLite,80846
2022.10_13-12-2022.X,Московская область,21_165_days,18+,SputnikV,358955
2022.10_13-12-2022.X,Московская область,21_165_days,18-59,AllVaccines,331454
2022.10_13-12-2022.X,Московская область,21_165_days,18-59,CoviVac,1629
2022.10_13-12-2022.X,Московская область,21_165_days,18-59,EpiVacCorona,8863
2022.10_13-12-2022.X,Московская область,21_165_days,18-59,SputnikLite,50525
2022.10_13-12-2022.X,Московская область,21_165_days,18-59,SputnikV,270437
2022.10_13-12-2022.X,Московская область,21_165_days,60+,AllVaccines,124447
2022.10_13-12-2022.X,Московская область,21_165_days,60+,CoviVac,518
2022.10_13-12-2022.X,Московская область,21_165_days,60+,EpiVacCorona,5090
2022.10_13-12-2022.X,Московская область,21_165_days,60+,SputnikLite,30321
2022.10_13-12-2022.X,Московская область,21_165_days,60+,SputnikV,88518
2022.10_13-12-2022.X,РФ,21_165_days,18+,AllVaccines,7718189
2022.10_13-12-2022.X,РФ,21_165_days,18+,CoviVac,126844
2022.10_13-12-2022.X,РФ,21_165_days,18+,EpiVacCorona,393953
2022.10_13-12-2022.X,РФ,21_165_days,18+,SputnikLite,622421
2022.10_13-12-2022.X,РФ,21_165_days,18+,SputnikV,6574971
2022.10_13-12-2022.X,РФ,21_165_days,18-59,AllVaccines,4893822
2022.10_13-12-2022.X,РФ,21_165_days,18-59,CoviVac,92173
2022.10_13-12-2022.X,РФ,21_165_days,18-59,EpiVacCorona,233212
2022.10_13-12-2022.X,РФ,21_165_days,18-59,SputnikLite,426166
2022.10_13-12-2022.X,РФ,21_165_days,18-59,SputnikV,4142271
2022.10_13-12-2022.X,РФ,21_165_days,60+,AllVaccines,2824367
2022.10_13-12-2022.X,РФ,21_165_days,60+,CoviVac,34671
2022.10_13-12-2022.X,РФ,21_165_days,60+,EpiVacCorona,160741
2022.10_13-12-2022.X,РФ,21_165_days,60+,SputnikLite,196255
2022.10_13-12-2022.X,РФ,21_165_days,60+,SputnikV,2432700
2022.10_13-12-2022.X,г. Санкт-Петербург,21_165_days,18+,AllVaccines,163463
2022.10_13-12-2022.X,г. Санкт-Петербург,21_165_days,18+,CoviVac,2721
2022.10_13-12-2022.X,г. Санкт-Петербург,21_165_days,18+,EpiVacCorona,1180
2022.10_13-12-2022.X,г. Санкт-Петербург,21_165_days,18+,SputnikLite,31996
2022.10_13-12-2022.X,г. Санкт-Петербург,21_165_days,18+,SputnikV,127566
2022.10_13-12-2022.X,г. Санкт-Петербург,21_165_days,18-59,AllVaccines,111903
2022.10_13-12-2022.X,г. Санкт-Петербург,21_165_days,18-59,CoviVac,2439
2022.10_13-12-2022.X,г. Санкт-Петербург,21_165_days,18-59,EpiVacCorona,805
2022.10_13-12-2022.X,г. Санкт-Петербург,21_165_days,18-59,SputnikLite,25905
2022.10_13-12-2022.X,г. Санкт-Петербург,21_165_days,18-59,SputnikV,82754
2022.10_13-12-2022.X,г. Санкт-Петербург,21_165_days,60+,AllVaccines,51560
2022.10_13-12-2022.X,г. Санкт-Петербург,21_165_days,60+,CoviVac,282
2022.10_13-12-2022.X,г. Санкт-Петербург,21_165_days,60+,EpiVacCorona,375
2022.10_13-12-2022.X,г. Санкт-Петербург,21_165_days,60+,SputnikLite,6091
2022.10_13-12-2022.X,г. Санкт-Петербург,21_165_days,60+,SputnikV,44812
2022.11_19-12-2022.X,Московская область,21_165_days,18+,AllVaccines,493212
2022.11_19-12-2022.X,Московская область,21_165_days,18+,CoviVac,1739
2022.11_19-12-2022.X,Московская область,21_165_days,18+,EpiVacCorona,11975
2022.11_19-12-2022.X,Московская область,21_165_days,18+,SputnikLite,57150
2022.11_19-12-2022.X,Московская область,21_165_days,18+,SputnikV,422348
2022.11_19-12-2022.X,Московская область,21_165_days,18-59,AllVaccines,365100
2022.11_19-12-2022.X,Московская область,21_165_days,18-59,CoviVac,1311
2022.11_19-12-2022.X,Московская область,21_165_days,18-59,EpiVacCorona,7835
2022.11_19-12-2022.X,Московская область,21_165_days,18-59,SputnikLite,37013
2022.11_19-12-2022.X,Московская область,21_165_days,18-59,SputnikV,318941
2022.11_19-12-2022.X,Московская область,21_165_days,60+,AllVaccines,128112
2022.11_19-12-2022.X,Московская область,21_165_days,60+,CoviVac,428
2022.11_19-12-2022.X,Московская область,21_165_days,60+,EpiVacCorona,4140
2022.11_19-12-2022.X,Московская область,21_165_days,60+,SputnikLite,20137
2022.11_19-12-2022.X,Московская область,21_165_days,60+,SputnikV,103407
2022.11_19-12-2022.X,РФ,21_165_days,18+,AllVaccines,8372523
2022.11_19-12-2022.X,РФ,21_165_days,18+,CoviVac,80682
2022.11_19-12-2022.X,РФ,21_165_days,18+,EpiVacCorona,314206
2022.11_19-12-2022.X,РФ,21_165_days,18+,SputnikLite,419336
2022.11_19-12-2022.X,РФ,21_165_days,18+,SputnikV,7558299
2022.11_19-12-2022.X,РФ,21_165_days,18-59,AllVaccines,5393883
2022.11_19-12-2022.X,РФ,21_165_days,18-59,CoviVac,58362
2022.11_19-12-2022.X,РФ,21_165_days,18-59,EpiVacCorona,188110
2022.11_19-12-2022.X,РФ,21_165_days,18-59,SputnikLite,294981
2022.11_19-12-2022.X,РФ,21_165_days,18-59,SputnikV,4852430
2022.11_19-12-2022.X,РФ,21_165_days,60+,AllVaccines,2978640
2022.11_19-12-2022.X,РФ,21_165_days,60+,CoviVac,22320
2022.11_19-12-2022.X,РФ,21_165_days,60+,EpiVacCorona,126096
2022.11_19-12-2022.X,РФ,21_165_days,60+,SputnikLite,124355
2022.11_19-12-2022.X,РФ,21_165_days,60+,SputnikV,2705869
2022.11_19-12-2022.X,г. Санкт-Петербург,21_165_days,18+,AllVaccines,166720
2022.11_19-12-2022.X,г. Санкт-Петербург,21_165_days,18+,CoviVac,1921
2022.11_19-12-2022.X,г. Санкт-Петербург,21_165_days,18+,EpiVacCorona,952
2022.11_19-12-2022.X,г. Санкт-Петербург,21_165_days,18+,SputnikLite,28449
2022.11_19-12-2022.X,г. Санкт-Петербург,21_165_days,18+,SputnikV,135398
2022.11_19-12-2022.X,г. Санкт-Петербург,21_165_days,18-59,AllVaccines,115631
2022.11_19-12-2022.X,г. Санкт-Петербург,21_165_days,18-59,CoviVac,1730
2022.11_19-12-2022.X,г. Санкт-Петербург,21_165_days,18-59,EpiVacCorona,671
2022.11_19-12-2022.X,г. Санкт-Петербург,21_165_days,18-59,SputnikLite,23674
2022.11_19-12-2022.X,г. Санкт-Петербург,21_165_days,18-59,SputnikV,89556
2022.11_19-12-2022.X,г. Санкт-Петербург,21_165_days,60+,AllVaccines,51089
2022.11_19-12-2022.X,г. Санкт-Петербург,21_165_days,60+,CoviVac,191
2022.11_19-12-2022.X,г. Санкт-Петербург,21_165_days,60+,EpiVacCorona,281
2022.11_19-12-2022.X,г. Санкт-Петербург,21_165_days,60+,SputnikLite,4775
2022.11_19-12-2022.X,г. Санкт-Петербург,21_165_days,60+,SputnikV,45842
