data_point,region,age_group,vac_interval_group,vaccine,count_vac_zab,count_vac_hosp,count_vac_severe,count_vac_death
2021.11_11-11-2022,Московская область,18+,21_165_days,AllVaccines,26224,3252,882,255
2021.11_11-11-2022,Московская область,18+,21_165_days,CoviVac,680,127,33,9
2021.11_11-11-2022,Московская область,18+,21_165_days,EpiVacCorona,815,192,51,18
2021.11_11-11-2022,Московская область,18+,21_165_days,SputnikLite,857,99,28,7
2021.11_11-11-2022,Московская область,18+,21_165_days,SputnikV,23872,2834,770,221
2021.11_11-11-2022,Московская область,18-59,21_165_days,AllVaccines,20636,1809,422,79
2021.11_11-11-2022,Московская область,18-59,21_165_days,CoviVac,496,73,9,0
2021.11_11-11-2022,Московская область,18-59,21_165_days,EpiVacCorona,488,67,11,0
2021.11_11-11-2022,Московская область,18-59,21_165_days,SputnikLite,478,28,6,1
2021.11_11-11-2022,Московская область,18-59,21_165_days,SputnikV,19174,1641,396,78
2021.11_11-11-2022,Московская область,60+,21_165_days,AllVaccines,5588,1443,460,176
2021.11_11-11-2022,Московская область,60+,21_165_days,CoviVac,184,54,24,9
2021.11_11-11-2022,Московская область,60+,21_165_days,EpiVacCorona,327,125,40,18
2021.11_11-11-2022,Московская область,60+,21_165_days,SputnikLite,379,71,22,6
2021.11_11-11-2022,Московская область,60+,21_165_days,SputnikV,4698,1193,374,143
2021.11_11-11-2022,РФ,18+,21_165_days,AllVaccines,402626,66659,11890,5535
2021.11_11-11-2022,РФ,18+,21_165_days,CoviVac,8954,1576,281,89
2021.11_11-11-2022,РФ,18+,21_165_days,EpiVacCorona,24539,7780,1823,964
2021.11_11-11-2022,РФ,18+,21_165_days,SputnikLite,58002,9020,1384,615
2021.11_11-11-2022,РФ,18+,21_165_days,SputnikV,311131,48283,8402,3867
2021.11_11-11-2022,РФ,18-59,21_165_days,AllVaccines,288641,29065,3988,1032
2021.11_11-11-2022,РФ,18-59,21_165_days,CoviVac,7390,965,121,17
2021.11_11-11-2022,РФ,18-59,21_165_days,EpiVacCorona,14642,2758,423,110
2021.11_11-11-2022,РФ,18-59,21_165_days,SputnikLite,42249,4357,546,176
2021.11_11-11-2022,РФ,18-59,21_165_days,SputnikV,224360,20985,2898,729
2021.11_11-11-2022,РФ,60+,21_165_days,AllVaccines,113985,37594,7902,4503
2021.11_11-11-2022,РФ,60+,21_165_days,CoviVac,1564,611,160,72
2021.11_11-11-2022,РФ,60+,21_165_days,EpiVacCorona,9897,5022,1400,854
2021.11_11-11-2022,РФ,60+,21_165_days,SputnikLite,15753,4663,838,439
2021.11_11-11-2022,РФ,60+,21_165_days,SputnikV,86771,27298,5504,3138
2021.11_11-11-2022,г. Санкт-Петербург,18+,21_165_days,AllVaccines,15985,1839,329,160
2021.11_11-11-2022,г. Санкт-Петербург,18+,21_165_days,CoviVac,819,97,14,5
2021.11_11-11-2022,г. Санкт-Петербург,18+,21_165_days,EpiVacCorona,743,265,53,33
2021.11_11-11-2022,г. Санкт-Петербург,18+,21_165_days,SputnikLite,3637,389,68,27
2021.11_11-11-2022,г. Санкт-Петербург,18+,21_165_days,SputnikV,10786,1088,194,95
2021.11_11-11-2022,г. Санкт-Петербург,18-59,21_165_days,AllVaccines,11876,843,105,30
2021.11_11-11-2022,г. Санкт-Петербург,18-59,21_165_days,CoviVac,750,74,10,3
2021.11_11-11-2022,г. Санкт-Петербург,18-59,21_165_days,EpiVacCorona,361,79,6,1
2021.11_11-11-2022,г. Санкт-Петербург,18-59,21_165_days,SputnikLite,2890,228,33,11
2021.11_11-11-2022,г. Санкт-Петербург,18-59,21_165_days,SputnikV,7875,462,56,15
2021.11_11-11-2022,г. Санкт-Петербург,60+,21_165_days,AllVaccines,4109,996,224,130
2021.11_11-11-2022,г. Санкт-Петербург,60+,21_165_days,CoviVac,69,23,4,2
2021.11_11-11-2022,г. Санкт-Петербург,60+,21_165_days,EpiVacCorona,382,186,47,32
2021.11_11-11-2022,г. Санкт-Петербург,60+,21_165_days,SputnikLite,747,161,35,16
2021.11_11-11-2022,г. Санкт-Петербург,60+,21_165_days,SputnikV,2911,626,138,80
2021.12_13-10-2022,Московская область,18+,21_165_days,AllVaccines,20901,2493,718,220
2021.12_13-10-2022,Московская область,18+,21_165_days,CoviVac,551,80,22,5
2021.12_13-10-2022,Московская область,18+,21_165_days,EpiVacCorona,688,170,64,27
2021.12_13-10-2022,Московская область,18+,21_165_days,SputnikLite,1438,188,41,17
2021.12_13-10-2022,Московская область,18+,21_165_days,SputnikV,18224,2055,591,171
2021.12_13-10-2022,Московская область,18-59,21_165_days,AllVaccines,16269,1313,339,53
2021.12_13-10-2022,Московская область,18-59,21_165_days,CoviVac,409,42,8,0
2021.12_13-10-2022,Московская область,18-59,21_165_days,EpiVacCorona,401,48,12,3
2021.12_13-10-2022,Московская область,18-59,21_165_days,SputnikLite,728,52,6,1
2021.12_13-10-2022,Московская область,18-59,21_165_days,SputnikV,14731,1171,313,49
2021.12_13-10-2022,Московская область,60+,21_165_days,AllVaccines,4632,1180,379,167
2021.12_13-10-2022,Московская область,60+,21_165_days,CoviVac,142,38,14,5
2021.12_13-10-2022,Московская область,60+,21_165_days,EpiVacCorona,287,122,52,24
2021.12_13-10-2022,Московская область,60+,21_165_days,SputnikLite,710,136,35,16
2021.12_13-10-2022,Московская область,60+,21_165_days,SputnikV,3493,884,278,122
2021.12_13-10-2022,РФ,18+,21_165_days,AllVaccines,258551,44896,8482,3691
2021.12_13-10-2022,РФ,18+,21_165_days,CoviVac,6764,1264,206,56
2021.12_13-10-2022,РФ,18+,21_165_days,EpiVacCorona,13918,4439,1135,544
2021.12_13-10-2022,РФ,18+,21_165_days,SputnikLite,51606,9221,1528,667
2021.12_13-10-2022,РФ,18+,21_165_days,SputnikV,186263,29972,5613,2424
2021.12_13-10-2022,РФ,18-59,21_165_days,AllVaccines,189176,20279,2914,710
2021.12_13-10-2022,РФ,18-59,21_165_days,CoviVac,5563,810,100,16
2021.12_13-10-2022,РФ,18-59,21_165_days,EpiVacCorona,8654,1661,273,55
2021.12_13-10-2022,РФ,18-59,21_165_days,SputnikLite,35293,3961,475,127
2021.12_13-10-2022,РФ,18-59,21_165_days,SputnikV,139666,13847,2066,512
2021.12_13-10-2022,РФ,60+,21_165_days,AllVaccines,69375,24617,5568,2981
2021.12_13-10-2022,РФ,60+,21_165_days,CoviVac,1201,454,106,40
2021.12_13-10-2022,РФ,60+,21_165_days,EpiVacCorona,5264,2778,862,489
2021.12_13-10-2022,РФ,60+,21_165_days,SputnikLite,16313,5260,1053,540
2021.12_13-10-2022,РФ,60+,21_165_days,SputnikV,46597,16125,3547,1912
2021.12_13-10-2022,г. Санкт-Петербург,18+,21_165_days,AllVaccines,15174,1773,314,159
2021.12_13-10-2022,г. Санкт-Петербург,18+,21_165_days,CoviVac,831,96,10,3
2021.12_13-10-2022,г. Санкт-Петербург,18+,21_165_days,EpiVacCorona,405,123,34,20
2021.12_13-10-2022,г. Санкт-Петербург,18+,21_165_days,SputnikLite,4241,503,80,38
2021.12_13-10-2022,г. Санкт-Петербург,18+,21_165_days,SputnikV,9697,1051,190,98
2021.12_13-10-2022,г. Санкт-Петербург,18-59,21_165_days,AllVaccines,11511,851,93,25
2021.12_13-10-2022,г. Санкт-Петербург,18-59,21_165_days,CoviVac,765,82,8,1
2021.12_13-10-2022,г. Санкт-Петербург,18-59,21_165_days,EpiVacCorona,219,32,4,0
2021.12_13-10-2022,г. Санкт-Петербург,18-59,21_165_days,SputnikLite,3237,245,25,7
2021.12_13-10-2022,г. Санкт-Петербург,18-59,21_165_days,SputnikV,7290,492,56,17
2021.12_13-10-2022,г. Санкт-Петербург,60+,21_165_days,AllVaccines,3663,922,221,134
2021.12_13-10-2022,г. Санкт-Петербург,60+,21_165_days,CoviVac,66,14,2,2
2021.12_13-10-2022,г. Санкт-Петербург,60+,21_165_days,EpiVacCorona,186,91,30,20
2021.12_13-10-2022,г. Санкт-Петербург,60+,21_165_days,SputnikLite,1004,258,55,31
2021.12_13-10-2022,г. Санкт-Петербург,60+,21_165_days,SputnikV,2407,559,134,81
2022.01_13-10-2022,Московская область,18+,21_165_days,AllVaccines,89104,2962,975,203
2022.01_13-10-2022,Московская область,18+,21_165_days,CoviVac,2113,85,29,7
2022.01_13-10-2022,Московская область,18+,21_165_days,EpiVacCorona,1555,117,43,14
2022.01_13-10-2022,Московская область,18+,21_165_days,SputnikLite,8349,383,120,39
2022.01_13-10-2022,Московская область,18+,21_165_days,SputnikV,77087,2377,783,143
2022.01_13-10-2022,Московская область,18-59,21_165_days,AllVaccines,73768,1570,466,54
2022.01_13-10-2022,Московская область,18-59,21_165_days,CoviVac,1688,41,10,1
2022.01_13-10-2022,Московская область,18-59,21_165_days,EpiVacCorona,1088,36,9,2
2022.01_13-10-2022,Московская область,18-59,21_165_days,SputnikLite,5206,116,36,9
2022.01_13-10-2022,Московская область,18-59,21_165_days,SputnikV,65786,1377,411,42
2022.01_13-10-2022,Московская область,60+,21_165_days,AllVaccines,15336,1392,509,149
2022.01_13-10-2022,Московская область,60+,21_165_days,CoviVac,425,44,19,6
2022.01_13-10-2022,Московская область,60+,21_165_days,EpiVacCorona,467,81,34,12
2022.01_13-10-2022,Московская область,60+,21_165_days,SputnikLite,3143,267,84,30
2022.01_13-10-2022,Московская область,60+,21_165_days,SputnikV,11301,1000,372,101
2022.01_13-10-2022,РФ,18+,21_165_days,AllVaccines,1156603,61376,9788,3501
2022.01_13-10-2022,РФ,18+,21_165_days,CoviVac,29002,1351,232,56
2022.01_13-10-2022,РФ,18+,21_165_days,EpiVacCorona,34221,3321,647,321
2022.01_13-10-2022,РФ,18+,21_165_days,SputnikLite,283407,17046,2359,919
2022.01_13-10-2022,РФ,18+,21_165_days,SputnikV,809973,39658,6550,2205
2022.01_13-10-2022,РФ,18-59,21_165_days,AllVaccines,934502,30137,3479,622
2022.01_13-10-2022,РФ,18-59,21_165_days,CoviVac,25397,821,120,14
2022.01_13-10-2022,РФ,18-59,21_165_days,EpiVacCorona,26256,1369,167,37
2022.01_13-10-2022,РФ,18-59,21_165_days,SputnikLite,211591,7404,662,143
2022.01_13-10-2022,РФ,18-59,21_165_days,SputnikV,671258,20543,2530,428
2022.01_13-10-2022,РФ,60+,21_165_days,AllVaccines,222101,31239,6309,2879
2022.01_13-10-2022,РФ,60+,21_165_days,CoviVac,3605,530,112,42
2022.01_13-10-2022,РФ,60+,21_165_days,EpiVacCorona,7965,1952,480,284
2022.01_13-10-2022,РФ,60+,21_165_days,SputnikLite,71816,9642,1697,776
2022.01_13-10-2022,РФ,60+,21_165_days,SputnikV,138715,19115,4020,1777
2022.01_13-10-2022,г. Санкт-Петербург,18+,21_165_days,AllVaccines,86687,2969,403,189
2022.01_13-10-2022,г. Санкт-Петербург,18+,21_165_days,CoviVac,2822,74,3,1
2022.01_13-10-2022,г. Санкт-Петербург,18+,21_165_days,EpiVacCorona,910,94,16,6
2022.01_13-10-2022,г. Санкт-Петербург,18+,21_165_days,SputnikLite,28479,1016,136,60
2022.01_13-10-2022,г. Санкт-Петербург,18+,21_165_days,SputnikV,54476,1785,248,122
2022.01_13-10-2022,г. Санкт-Петербург,18-59,21_165_days,AllVaccines,70043,1542,114,29
2022.01_13-10-2022,г. Санкт-Петербург,18-59,21_165_days,CoviVac,2664,62,3,1
2022.01_13-10-2022,г. Санкт-Петербург,18-59,21_165_days,EpiVacCorona,659,36,2,0
2022.01_13-10-2022,г. Санкт-Петербург,18-59,21_165_days,SputnikLite,22400,527,39,10
2022.01_13-10-2022,г. Санкт-Петербург,18-59,21_165_days,SputnikV,44320,917,70,18
2022.01_13-10-2022,г. Санкт-Петербург,60+,21_165_days,AllVaccines,16644,1427,289,160
2022.01_13-10-2022,г. Санкт-Петербург,60+,21_165_days,CoviVac,158,12,0,0
2022.01_13-10-2022,г. Санкт-Петербург,60+,21_165_days,EpiVacCorona,251,58,14,6
2022.01_13-10-2022,г. Санкт-Петербург,60+,21_165_days,SputnikLite,6079,489,97,50
2022.01_13-10-2022,г. Санкт-Петербург,60+,21_165_days,SputnikV,10156,868,178,104
2022.02_01-07-2022,Московская область,18+,21_165_days,AllVaccines,55324,1887,610,151
2022.02_01-07-2022,Московская область,18+,21_165_days,CoviVac,1227,52,17,4
2022.02_01-07-2022,Московская область,18+,21_165_days,EpiVacCorona,1149,105,30,13
2022.02_01-07-2022,Московская область,18+,21_165_days,SputnikLite,13419,504,174,53
2022.02_01-07-2022,Московская область,18+,21_165_days,SputnikV,39529,1226,389,81
2022.02_01-07-2022,Московская область,18-59,21_165_days,AllVaccines,39183,646,178,16
2022.02_01-07-2022,Московская область,18-59,21_165_days,CoviVac,858,18,7,1
2022.02_01-07-2022,Московская область,18-59,21_165_days,EpiVacCorona,607,27,5,2
2022.02_01-07-2022,Московская область,18-59,21_165_days,SputnikLite,7472,105,28,1
2022.02_01-07-2022,Московская область,18-59,21_165_days,SputnikV,30246,496,138,12
2022.02_01-07-2022,Московская область,60+,21_165_days,AllVaccines,16141,1241,432,135
2022.02_01-07-2022,Московская область,60+,21_165_days,CoviVac,369,34,10,3
2022.02_01-07-2022,Московская область,60+,21_165_days,EpiVacCorona,542,78,25,11
2022.02_01-07-2022,Московская область,60+,21_165_days,SputnikLite,5947,399,146,52
2022.02_01-07-2022,Московская область,60+,21_165_days,SputnikV,9283,730,251,69
2022.02_01-07-2022,РФ,18+,21_165_days,AllVaccines,1803368,88896,11250,4892
2022.02_01-07-2022,РФ,18+,21_165_days,CoviVac,33005,1441,168,46
2022.02_01-07-2022,РФ,18+,21_165_days,EpiVacCorona,55293,4900,764,362
2022.02_01-07-2022,РФ,18+,21_165_days,SputnikLite,686118,33656,3935,1787
2022.02_01-07-2022,РФ,18+,21_165_days,SputnikV,1028952,48899,6383,2697
2022.02_01-07-2022,РФ,18-59,21_165_days,AllVaccines,1316255,32782,2543,605
2022.02_01-07-2022,РФ,18-59,21_165_days,CoviVac,27330,741,68,12
2022.02_01-07-2022,РФ,18-59,21_165_days,EpiVacCorona,37867,1434,121,30
2022.02_01-07-2022,РФ,18-59,21_165_days,SputnikLite,472047,11341,767,194
2022.02_01-07-2022,РФ,18-59,21_165_days,SputnikV,779011,19266,1587,369
2022.02_01-07-2022,РФ,60+,21_165_days,AllVaccines,487113,56114,8707,4287
2022.02_01-07-2022,РФ,60+,21_165_days,CoviVac,5675,700,100,34
2022.02_01-07-2022,РФ,60+,21_165_days,EpiVacCorona,17426,3466,643,332
2022.02_01-07-2022,РФ,60+,21_165_days,SputnikLite,214071,22315,3168,1593
2022.02_01-07-2022,РФ,60+,21_165_days,SputnikV,249941,29633,4796,2328
2022.02_01-07-2022,г. Санкт-Петербург,18+,21_165_days,AllVaccines,100861,3708,465,214
2022.02_01-07-2022,г. Санкт-Петербург,18+,21_165_days,CoviVac,2288,59,2,1
2022.02_01-07-2022,г. Санкт-Петербург,18+,21_165_days,EpiVacCorona,1178,89,24,11
2022.02_01-07-2022,г. Санкт-Петербург,18+,21_165_days,SputnikLite,41793,1561,196,98
2022.02_01-07-2022,г. Санкт-Петербург,18+,21_165_days,SputnikV,55602,1999,243,104
2022.02_01-07-2022,г. Санкт-Петербург,18-59,21_165_days,AllVaccines,72879,1569,116,35
2022.02_01-07-2022,г. Санкт-Петербург,18-59,21_165_days,CoviVac,2113,52,1,0
2022.02_01-07-2022,г. Санкт-Петербург,18-59,21_165_days,EpiVacCorona,731,19,4,3
2022.02_01-07-2022,г. Санкт-Петербург,18-59,21_165_days,SputnikLite,29316,656,53,20
2022.02_01-07-2022,г. Санкт-Петербург,18-59,21_165_days,SputnikV,40719,842,58,12
2022.02_01-07-2022,г. Санкт-Петербург,60+,21_165_days,AllVaccines,27982,2139,349,179
2022.02_01-07-2022,г. Санкт-Петербург,60+,21_165_days,CoviVac,175,7,1,1
2022.02_01-07-2022,г. Санкт-Петербург,60+,21_165_days,EpiVacCorona,447,70,20,8
2022.02_01-07-2022,г. Санкт-Петербург,60+,21_165_days,SputnikLite,12477,905,143,78
2022.02_01-07-2022,г. Санкт-Петербург,60+,21_165_days,SputnikV,14883,1157,185,92
2022.03_13-10-2022,Московская область,18+,21_165_days,AllVaccines,6191,382,116,42
2022.03_13-10-2022,Московская область,18+,21_165_days,CoviVac,141,5,1,0
2022.03_13-10-2022,Московская область,18+,21_165_days,EpiVacCorona,196,23,11,4
2022.03_13-10-2022,Московская область,18+,21_165_days,SputnikLite,2368,166,43,18
2022.03_13-10-2022,Московская область,18+,21_165_days,SputnikV,3486,188,61,20
2022.03_13-10-2022,Московская область,18-59,21_165_days,AllVaccines,3466,78,20,8
2022.03_13-10-2022,Московская область,18-59,21_165_days,CoviVac,82,1,0,0
2022.03_13-10-2022,Московская область,18-59,21_165_days,EpiVacCorona,75,1,1,0
2022.03_13-10-2022,Московская область,18-59,21_165_days,SputnikLite,1042,19,6,1
2022.03_13-10-2022,Московская область,18-59,21_165_days,SputnikV,2267,57,13,7
2022.03_13-10-2022,Московская область,60+,21_165_days,AllVaccines,2725,304,96,34
2022.03_13-10-2022,Московская область,60+,21_165_days,CoviVac,59,4,1,0
2022.03_13-10-2022,Московская область,60+,21_165_days,EpiVacCorona,121,22,10,4
2022.03_13-10-2022,Московская область,60+,21_165_days,SputnikLite,1326,147,37,17
2022.03_13-10-2022,Московская область,60+,21_165_days,SputnikV,1219,131,48,13
2022.03_13-10-2022,РФ,18+,21_165_days,AllVaccines,307494,29793,4118,1873
2022.03_13-10-2022,РФ,18+,21_165_days,CoviVac,4963,351,37,13
2022.03_13-10-2022,РФ,18+,21_165_days,EpiVacCorona,10817,1597,263,141
2022.03_13-10-2022,РФ,18+,21_165_days,SputnikLite,142249,13238,1751,809
2022.03_13-10-2022,РФ,18+,21_165_days,SputnikV,149465,14607,2067,910
2022.03_13-10-2022,РФ,18-59,21_165_days,AllVaccines,177720,7545,669,214
2022.03_13-10-2022,РФ,18-59,21_165_days,CoviVac,3608,125,9,2
2022.03_13-10-2022,РФ,18-59,21_165_days,EpiVacCorona,5762,281,26,11
2022.03_13-10-2022,РФ,18-59,21_165_days,SputnikLite,77683,2997,247,82
2022.03_13-10-2022,РФ,18-59,21_165_days,SputnikV,90667,4142,387,119
2022.03_13-10-2022,РФ,60+,21_165_days,AllVaccines,129774,22248,3449,1659
2022.03_13-10-2022,РФ,60+,21_165_days,CoviVac,1355,226,28,11
2022.03_13-10-2022,РФ,60+,21_165_days,EpiVacCorona,5055,1316,237,130
2022.03_13-10-2022,РФ,60+,21_165_days,SputnikLite,64566,10241,1504,727
2022.03_13-10-2022,РФ,60+,21_165_days,SputnikV,58798,10465,1680,791
2022.03_13-10-2022,г. Санкт-Петербург,18+,21_165_days,AllVaccines,11037,1133,210,87
2022.03_13-10-2022,г. Санкт-Петербург,18+,21_165_days,CoviVac,224,11,2,1
2022.03_13-10-2022,г. Санкт-Петербург,18+,21_165_days,EpiVacCorona,170,30,2,0
2022.03_13-10-2022,г. Санкт-Петербург,18+,21_165_days,SputnikLite,5251,539,106,44
2022.03_13-10-2022,г. Санкт-Петербург,18+,21_165_days,SputnikV,5392,553,100,42
2022.03_13-10-2022,г. Санкт-Петербург,18-59,21_165_days,AllVaccines,6405,335,37,10
2022.03_13-10-2022,г. Санкт-Петербург,18-59,21_165_days,CoviVac,203,9,2,1
2022.03_13-10-2022,г. Санкт-Петербург,18-59,21_165_days,EpiVacCorona,82,0,0,0
2022.03_13-10-2022,г. Санкт-Петербург,18-59,21_165_days,SputnikLite,2769,147,18,6
2022.03_13-10-2022,г. Санкт-Петербург,18-59,21_165_days,SputnikV,3351,179,17,3
2022.03_13-10-2022,г. Санкт-Петербург,60+,21_165_days,AllVaccines,4632,798,173,77
2022.03_13-10-2022,г. Санкт-Петербург,60+,21_165_days,CoviVac,21,2,0,0
2022.03_13-10-2022,г. Санкт-Петербург,60+,21_165_days,EpiVacCorona,88,30,2,0
2022.03_13-10-2022,г. Санкт-Петербург,60+,21_165_days,SputnikLite,2482,392,88,38
2022.03_13-10-2022,г. Санкт-Петербург,60+,21_165_days,SputnikV,2041,374,83,39
2022.04_13-10-2022,Московская область,18+,21_165_days,AllVaccines,3008,251,57,23
2022.04_13-10-2022,Московская область,18+,21_165_days,CoviVac,57,5,4,0
2022.04_13-10-2022,Московская область,18+,21_165_days,EpiVacCorona,65,7,0,0
2022.04_13-10-2022,Московская область,18+,21_165_days,SputnikLite,1267,111,22,12
2022.04_13-10-2022,Московская область,18+,21_165_days,SputnikV,1619,128,31,11
2022.04_13-10-2022,Московская область,18-59,21_165_days,AllVaccines,1630,65,11,4
2022.04_13-10-2022,Московская область,18-59,21_165_days,CoviVac,35,3,2,0
2022.04_13-10-2022,Московская область,18-59,21_165_days,EpiVacCorona,28,4,0,0
2022.04_13-10-2022,Московская область,18-59,21_165_days,SputnikLite,555,16,2,1
2022.04_13-10-2022,Московская область,18-59,21_165_days,SputnikV,1012,42,7,3
2022.04_13-10-2022,Московская область,60+,21_165_days,AllVaccines,1378,186,46,19
2022.04_13-10-2022,Московская область,60+,21_165_days,CoviVac,22,2,2,0
2022.04_13-10-2022,Московская область,60+,21_165_days,EpiVacCorona,37,3,0,0
2022.04_13-10-2022,Московская область,60+,21_165_days,SputnikLite,712,95,20,11
2022.04_13-10-2022,Московская область,60+,21_165_days,SputnikV,607,86,24,8
2022.04_13-10-2022,РФ,18+,21_165_days,AllVaccines,89367,14202,2115,1015
2022.04_13-10-2022,РФ,18+,21_165_days,CoviVac,1342,135,19,5
2022.04_13-10-2022,РФ,18+,21_165_days,EpiVacCorona,3216,673,103,46
2022.04_13-10-2022,РФ,18+,21_165_days,SputnikLite,40831,6418,924,447
2022.04_13-10-2022,РФ,18+,21_165_days,SputnikV,43978,6976,1069,517
2022.04_13-10-2022,РФ,18-59,21_165_days,AllVaccines,46682,3745,446,163
2022.04_13-10-2022,РФ,18-59,21_165_days,CoviVac,914,62,9,3
2022.04_13-10-2022,РФ,18-59,21_165_days,EpiVacCorona,1580,161,18,6
2022.04_13-10-2022,РФ,18-59,21_165_days,SputnikLite,19726,1446,160,58
2022.04_13-10-2022,РФ,18-59,21_165_days,SputnikV,24462,2076,259,96
2022.04_13-10-2022,РФ,60+,21_165_days,AllVaccines,42685,10457,1669,852
2022.04_13-10-2022,РФ,60+,21_165_days,CoviVac,428,73,10,2
2022.04_13-10-2022,РФ,60+,21_165_days,EpiVacCorona,1636,512,85,40
2022.04_13-10-2022,РФ,60+,21_165_days,SputnikLite,21105,4972,764,389
2022.04_13-10-2022,РФ,60+,21_165_days,SputnikV,19516,4900,810,421
2022.04_13-10-2022,г. Санкт-Петербург,18+,21_165_days,AllVaccines,4216,680,125,54
2022.04_13-10-2022,г. Санкт-Петербург,18+,21_165_days,CoviVac,46,1,0,0
2022.04_13-10-2022,г. Санкт-Петербург,18+,21_165_days,EpiVacCorona,67,14,5,1
2022.04_13-10-2022,г. Санкт-Петербург,18+,21_165_days,SputnikLite,1918,313,49,19
2022.04_13-10-2022,г. Санкт-Петербург,18+,21_165_days,SputnikV,2185,352,71,34
2022.04_13-10-2022,г. Санкт-Петербург,18-59,21_165_days,AllVaccines,2252,205,24,7
2022.04_13-10-2022,г. Санкт-Петербург,18-59,21_165_days,CoviVac,42,0,0,0
2022.04_13-10-2022,г. Санкт-Петербург,18-59,21_165_days,EpiVacCorona,34,5,2,0
2022.04_13-10-2022,г. Санкт-Петербург,18-59,21_165_days,SputnikLite,916,76,5,1
2022.04_13-10-2022,г. Санкт-Петербург,18-59,21_165_days,SputnikV,1260,124,17,6
2022.04_13-10-2022,г. Санкт-Петербург,60+,21_165_days,AllVaccines,1964,475,101,47
2022.04_13-10-2022,г. Санкт-Петербург,60+,21_165_days,CoviVac,4,1,0,0
2022.04_13-10-2022,г. Санкт-Петербург,60+,21_165_days,EpiVacCorona,33,9,3,1
2022.04_13-10-2022,г. Санкт-Петербург,60+,21_165_days,SputnikLite,1002,237,44,18
2022.04_13-10-2022,г. Санкт-Петербург,60+,21_165_days,SputnikV,925,228,54,28
2022.05_01-07-2022,Московская область,18+,21_165_days,AllVaccines,1319,159,33,14
2022.05_01-07-2022,Московская область,18+,21_165_days,CoviVac,20,0,0,0
2022.05_01-07-2022,Московская область,18+,21_165_days,EpiVacCorona,33,6,1,2
2022.05_01-07-2022,Московская область,18+,21_165_days,SputnikLite,510,63,13,4
2022.05_01-07-2022,Московская область,18+,21_165_days,SputnikV,756,90,19,8
2022.05_01-07-2022,Московская область,18-59,21_165_days,AllVaccines,757,41,8,3
2022.05_01-07-2022,Московская область,18-59,21_165_days,CoviVac,15,0,0,0
2022.05_01-07-2022,Московская область,18-59,21_165_days,EpiVacCorona,14,0,0,0
2022.05_01-07-2022,Московская область,18-59,21_165_days,SputnikLite,242,11,1,0
2022.05_01-07-2022,Московская область,18-59,21_165_days,SputnikV,486,30,7,3
2022.05_01-07-2022,Московская область,60+,21_165_days,AllVaccines,562,118,25,11
2022.05_01-07-2022,Московская область,60+,21_165_days,CoviVac,5,0,0,0
2022.05_01-07-2022,Московская область,60+,21_165_days,EpiVacCorona,19,6,1,2
2022.05_01-07-2022,Московская область,60+,21_165_days,SputnikLite,268,52,12,4
2022.05_01-07-2022,Московская область,60+,21_165_days,SputnikV,270,60,12,5
2022.05_01-07-2022,РФ,18+,21_165_days,AllVaccines,38872,8374,1435,670
2022.05_01-07-2022,РФ,18+,21_165_days,CoviVac,577,85,14,7
2022.05_01-07-2022,РФ,18+,21_165_days,EpiVacCorona,1535,423,89,43
2022.05_01-07-2022,РФ,18+,21_165_days,SputnikLite,15326,3263,542,276
2022.05_01-07-2022,РФ,18+,21_165_days,SputnikV,21434,4603,790,344
2022.05_01-07-2022,РФ,18-59,21_165_days,AllVaccines,21426,2428,279,103
2022.05_01-07-2022,РФ,18-59,21_165_days,CoviVac,419,37,3,2
2022.05_01-07-2022,РФ,18-59,21_165_days,EpiVacCorona,755,115,13,4
2022.05_01-07-2022,РФ,18-59,21_165_days,SputnikLite,7533,751,80,38
2022.05_01-07-2022,РФ,18-59,21_165_days,SputnikV,12719,1525,183,59
2022.05_01-07-2022,РФ,60+,21_165_days,AllVaccines,17446,5946,1156,567
2022.05_01-07-2022,РФ,60+,21_165_days,CoviVac,158,48,11,5
2022.05_01-07-2022,РФ,60+,21_165_days,EpiVacCorona,780,308,76,39
2022.05_01-07-2022,РФ,60+,21_165_days,SputnikLite,7793,2512,462,238
2022.05_01-07-2022,РФ,60+,21_165_days,SputnikV,8715,3078,607,285
2022.05_01-07-2022,г. Санкт-Петербург,18+,21_165_days,AllVaccines,1780,420,88,46
2022.05_01-07-2022,г. Санкт-Петербург,18+,21_165_days,CoviVac,19,2,0,0
2022.05_01-07-2022,г. Санкт-Петербург,18+,21_165_days,EpiVacCorona,33,9,2,1
2022.05_01-07-2022,г. Санкт-Петербург,18+,21_165_days,SputnikLite,826,198,43,29
2022.05_01-07-2022,г. Санкт-Петербург,18+,21_165_days,SputnikV,902,211,43,16
2022.05_01-07-2022,г. Санкт-Петербург,18-59,21_165_days,AllVaccines,896,110,19,7
2022.05_01-07-2022,г. Санкт-Петербург,18-59,21_165_days,CoviVac,16,2,0,0
2022.05_01-07-2022,г. Санкт-Петербург,18-59,21_165_days,EpiVacCorona,17,0,0,0
2022.05_01-07-2022,г. Санкт-Петербург,18-59,21_165_days,SputnikLite,356,46,8,4
2022.05_01-07-2022,г. Санкт-Петербург,18-59,21_165_days,SputnikV,507,62,11,3
2022.05_01-07-2022,г. Санкт-Петербург,60+,21_165_days,AllVaccines,884,310,69,39
2022.05_01-07-2022,г. Санкт-Петербург,60+,21_165_days,CoviVac,3,0,0,0
2022.05_01-07-2022,г. Санкт-Петербург,60+,21_165_days,EpiVacCorona,16,9,2,1
2022.05_01-07-2022,г. Санкт-Петербург,60+,21_165_days,SputnikLite,470,152,35,25
2022.05_01-07-2022,г. Санкт-Петербург,60+,21_165_days,SputnikV,395,149,32,13
2022.06_18-07-2022,Московская область,18+,21_165_days,AllVaccines,1086,109,11,9
2022.06_18-07-2022,Московская область,18+,21_165_days,CoviVac,16,2,0,0
2022.06_18-07-2022,Московская область,18+,21_165_days,EpiVacCorona,24,4,0,0
2022.06_18-07-2022,Московская область,18+,21_165_days,SputnikLite,470,47,3,4
2022.06_18-07-2022,Московская область,18+,21_165_days,SputnikV,576,56,8,5
2022.06_18-07-2022,Московская область,18-59,21_165_days,AllVaccines,700,29,3,1
2022.06_18-07-2022,Московская область,18-59,21_165_days,CoviVac,12,1,0,0
2022.06_18-07-2022,Московская область,18-59,21_165_days,EpiVacCorona,18,2,0,0
2022.06_18-07-2022,Московская область,18-59,21_165_days,SputnikLite,272,11,1,1
2022.06_18-07-2022,Московская область,18-59,21_165_days,SputnikV,398,15,2,0
2022.06_18-07-2022,Московская область,60+,21_165_days,AllVaccines,386,80,8,8
2022.06_18-07-2022,Московская область,60+,21_165_days,CoviVac,4,1,0,0
2022.06_18-07-2022,Московская область,60+,21_165_days,EpiVacCorona,6,2,0,0
2022.06_18-07-2022,Московская область,60+,21_165_days,SputnikLite,198,36,2,3
2022.06_18-07-2022,Московская область,60+,21_165_days,SputnikV,178,41,6,5
2022.06_18-07-2022,РФ,18+,21_165_days,AllVaccines,19335,4316,769,317
2022.06_18-07-2022,РФ,18+,21_165_days,CoviVac,304,40,5,4
2022.06_18-07-2022,РФ,18+,21_165_days,EpiVacCorona,860,235,40,23
2022.06_18-07-2022,РФ,18+,21_165_days,SputnikLite,7831,1681,284,110
2022.06_18-07-2022,РФ,18+,21_165_days,SputnikV,10340,2360,440,180
2022.06_18-07-2022,РФ,18-59,21_165_days,AllVaccines,11193,1365,174,53
2022.06_18-07-2022,РФ,18-59,21_165_days,CoviVac,219,16,2,2
2022.06_18-07-2022,РФ,18-59,21_165_days,EpiVacCorona,455,64,11,3
2022.06_18-07-2022,РФ,18-59,21_165_days,SputnikLite,4312,476,49,19
2022.06_18-07-2022,РФ,18-59,21_165_days,SputnikV,6207,809,112,29
2022.06_18-07-2022,РФ,60+,21_165_days,AllVaccines,8142,2951,595,264
2022.06_18-07-2022,РФ,60+,21_165_days,CoviVac,85,24,3,2
2022.06_18-07-2022,РФ,60+,21_165_days,EpiVacCorona,405,171,29,20
2022.06_18-07-2022,РФ,60+,21_165_days,SputnikLite,3519,1205,235,91
2022.06_18-07-2022,РФ,60+,21_165_days,SputnikV,4133,1551,328,151
2022.06_18-07-2022,г. Санкт-Петербург,18+,21_165_days,AllVaccines,892,245,52,22
2022.06_18-07-2022,г. Санкт-Петербург,18+,21_165_days,CoviVac,3,0,0,0
2022.06_18-07-2022,г. Санкт-Петербург,18+,21_165_days,EpiVacCorona,14,6,2,2
2022.06_18-07-2022,г. Санкт-Петербург,18+,21_165_days,SputnikLite,365,105,24,6
2022.06_18-07-2022,г. Санкт-Петербург,18+,21_165_days,SputnikV,510,134,26,14
2022.06_18-07-2022,г. Санкт-Петербург,18-59,21_165_days,AllVaccines,505,88,9,4
2022.06_18-07-2022,г. Санкт-Петербург,18-59,21_165_days,CoviVac,2,0,0,0
2022.06_18-07-2022,г. Санкт-Петербург,18-59,21_165_days,EpiVacCorona,7,0,0,0
2022.06_18-07-2022,г. Санкт-Петербург,18-59,21_165_days,SputnikLite,176,31,5,1
2022.06_18-07-2022,г. Санкт-Петербург,18-59,21_165_days,SputnikV,320,57,4,3
2022.06_18-07-2022,г. Санкт-Петербург,60+,21_165_days,AllVaccines,387,157,43,18
2022.06_18-07-2022,г. Санкт-Петербург,60+,21_165_days,CoviVac,1,0,0,0
2022.06_18-07-2022,г. Санкт-Петербург,60+,21_165_days,EpiVacCorona,7,6,2,2
2022.06_18-07-2022,г. Санкт-Петербург,60+,21_165_days,SputnikLite,189,74,19,5
2022.06_18-07-2022,г. Санкт-Петербург,60+,21_165_days,SputnikV,190,77,22,11
2022.07_16-08-2022,Московская область,18+,21_165_days,AllVaccines,1834,113,38,7
2022.07_16-08-2022,Московская область,18+,21_165_days,CoviVac,22,0,0,0
2022.07_16-08-2022,Московская область,18+,21_165_days,EpiVacCorona,45,2,0,0
2022.07_16-08-2022,Московская область,18+,21_165_days,SputnikLite,906,63,22,4
2022.07_16-08-2022,Московская область,18+,21_165_days,SputnikV,861,48,16,3
2022.07_16-08-2022,Московская область,18-59,21_165_days,AllVaccines,1302,42,8,1
2022.07_16-08-2022,Московская область,18-59,21_165_days,CoviVac,19,0,0,0
2022.07_16-08-2022,Московская область,18-59,21_165_days,EpiVacCorona,30,1,0,0
2022.07_16-08-2022,Московская область,18-59,21_165_days,SputnikLite,595,22,5,1
2022.07_16-08-2022,Московская область,18-59,21_165_days,SputnikV,658,19,3,0
2022.07_16-08-2022,Московская область,60+,21_165_days,AllVaccines,532,71,30,6
2022.07_16-08-2022,Московская область,60+,21_165_days,CoviVac,3,0,0,0
2022.07_16-08-2022,Московская область,60+,21_165_days,EpiVacCorona,15,1,0,0
2022.07_16-08-2022,Московская область,60+,21_165_days,SputnikLite,311,41,17,3
2022.07_16-08-2022,Московская область,60+,21_165_days,SputnikV,203,29,13,3
2022.07_16-08-2022,РФ,18+,21_165_days,AllVaccines,22887,2780,484,168
2022.07_16-08-2022,РФ,18+,21_165_days,CoviVac,496,37,5,1
2022.07_16-08-2022,РФ,18+,21_165_days,EpiVacCorona,942,205,35,17
2022.07_16-08-2022,РФ,18+,21_165_days,SputnikLite,10567,1107,183,64
2022.07_16-08-2022,РФ,18+,21_165_days,SputnikV,10882,1431,261,86
2022.07_16-08-2022,РФ,18-59,21_165_days,AllVaccines,14287,914,108,22
2022.07_16-08-2022,РФ,18-59,21_165_days,CoviVac,391,22,1,0
2022.07_16-08-2022,РФ,18-59,21_165_days,EpiVacCorona,509,54,8,2
2022.07_16-08-2022,РФ,18-59,21_165_days,SputnikLite,6622,369,42,11
2022.07_16-08-2022,РФ,18-59,21_165_days,SputnikV,6765,469,57,9
2022.07_16-08-2022,РФ,60+,21_165_days,AllVaccines,8600,1866,376,146
2022.07_16-08-2022,РФ,60+,21_165_days,CoviVac,105,15,4,1
2022.07_16-08-2022,РФ,60+,21_165_days,EpiVacCorona,433,151,27,15
2022.07_16-08-2022,РФ,60+,21_165_days,SputnikLite,3945,738,141,53
2022.07_16-08-2022,РФ,60+,21_165_days,SputnikV,4117,962,204,77
2022.07_16-08-2022,г. Санкт-Петербург,18+,21_165_days,AllVaccines,1771,161,26,4
2022.07_16-08-2022,г. Санкт-Петербург,18+,21_165_days,CoviVac,34,2,0,0
2022.07_16-08-2022,г. Санкт-Петербург,18+,21_165_days,EpiVacCorona,23,3,0,1
2022.07_16-08-2022,г. Санкт-Петербург,18+,21_165_days,SputnikLite,796,77,7,0
2022.07_16-08-2022,г. Санкт-Петербург,18+,21_165_days,SputnikV,918,79,19,3
2022.07_16-08-2022,г. Санкт-Петербург,18-59,21_165_days,AllVaccines,1131,60,9,1
2022.07_16-08-2022,г. Санкт-Петербург,18-59,21_165_days,CoviVac,30,2,0,0
2022.07_16-08-2022,г. Санкт-Петербург,18-59,21_165_days,EpiVacCorona,14,1,0,1
2022.07_16-08-2022,г. Санкт-Петербург,18-59,21_165_days,SputnikLite,477,26,1,0
2022.07_16-08-2022,г. Санкт-Петербург,18-59,21_165_days,SputnikV,610,31,8,0
2022.07_16-08-2022,г. Санкт-Петербург,60+,21_165_days,AllVaccines,640,101,17,3
2022.07_16-08-2022,г. Санкт-Петербург,60+,21_165_days,CoviVac,4,0,0,0
2022.07_16-08-2022,г. Санкт-Петербург,60+,21_165_days,EpiVacCorona,9,2,0,0
2022.07_16-08-2022,г. Санкт-Петербург,60+,21_165_days,SputnikLite,319,51,6,0
2022.07_16-08-2022,г. Санкт-Петербург,60+,21_165_days,SputnikV,308,48,11,3
2022.08_16-09-2022.X,Московская область,18+,21_165_days,AllVaccines,5299,166,56,14
2022.08_16-09-2022.X,Московская область,18+,21_165_days,CoviVac,69,1,0,0
2022.08_16-09-2022.X,Московская область,18+,21_165_days,EpiVacCorona,131,8,4,3
2022.08_16-09-2022.X,Московская область,18+,21_165_days,SputnikLite,2242,75,22,5
2022.08_16-09-2022.X,Московская область,18+,21_165_days,SputnikV,2857,82,30,6
2022.08_16-09-2022.X,Московская область,18-59,21_165_days,AllVaccines,3661,51,15,2
2022.08_16-09-2022.X,Московская область,18-59,21_165_days,CoviVac,52,0,0,0
2022.08_16-09-2022.X,Московская область,18-59,21_165_days,EpiVacCorona,77,1,0,0
2022.08_16-09-2022.X,Московская область,18-59,21_165_days,SputnikLite,1416,18,7,2
2022.08_16-09-2022.X,Московская область,18-59,21_165_days,SputnikV,2116,32,8,0
2022.08_16-09-2022.X,Московская область,60+,21_165_days,AllVaccines,1638,115,41,12
2022.08_16-09-2022.X,Московская область,60+,21_165_days,CoviVac,17,1,0,0
2022.08_16-09-2022.X,Московская область,60+,21_165_days,EpiVacCorona,54,7,4,3
2022.08_16-09-2022.X,Московская область,60+,21_165_days,SputnikLite,826,57,15,3
2022.08_16-09-2022.X,Московская область,60+,21_165_days,SputnikV,741,50,22,6
2022.08_16-09-2022.X,РФ,18+,21_165_days,AllVaccines,86051,5127,583,225
2022.08_16-09-2022.X,РФ,18+,21_165_days,CoviVac,2143,93,11,5
2022.08_16-09-2022.X,РФ,18+,21_165_days,EpiVacCorona,4630,463,58,29
2022.08_16-09-2022.X,РФ,18+,21_165_days,SputnikLite,26924,1279,147,46
2022.08_16-09-2022.X,РФ,18+,21_165_days,SputnikV,52354,3292,367,145
2022.08_16-09-2022.X,РФ,18-59,21_165_days,AllVaccines,52390,1545,126,27
2022.08_16-09-2022.X,РФ,18-59,21_165_days,CoviVac,1648,32,3,0
2022.08_16-09-2022.X,РФ,18-59,21_165_days,EpiVacCorona,2454,112,8,1
2022.08_16-09-2022.X,РФ,18-59,21_165_days,SputnikLite,17463,436,42,7
2022.08_16-09-2022.X,РФ,18-59,21_165_days,SputnikV,30825,965,73,19
2022.08_16-09-2022.X,РФ,60+,21_165_days,AllVaccines,33661,3582,457,198
2022.08_16-09-2022.X,РФ,60+,21_165_days,CoviVac,495,61,8,5
2022.08_16-09-2022.X,РФ,60+,21_165_days,EpiVacCorona,2176,351,50,28
2022.08_16-09-2022.X,РФ,60+,21_165_days,SputnikLite,9461,843,105,39
2022.08_16-09-2022.X,РФ,60+,21_165_days,SputnikV,21529,2327,294,126
2022.08_16-09-2022.X,г. Санкт-Петербург,18+,21_165_days,AllVaccines,5281,242,37,14
2022.08_16-09-2022.X,г. Санкт-Петербург,18+,21_165_days,CoviVac,154,4,1,0
2022.08_16-09-2022.X,г. Санкт-Петербург,18+,21_165_days,EpiVacCorona,69,5,2,1
2022.08_16-09-2022.X,г. Санкт-Петербург,18+,21_165_days,SputnikLite,1891,86,15,7
2022.08_16-09-2022.X,г. Санкт-Петербург,18+,21_165_days,SputnikV,3167,147,19,6
2022.08_16-09-2022.X,г. Санкт-Петербург,18-59,21_165_days,AllVaccines,3339,97,6,0
2022.08_16-09-2022.X,г. Санкт-Петербург,18-59,21_165_days,CoviVac,139,4,1,0
2022.08_16-09-2022.X,г. Санкт-Петербург,18-59,21_165_days,EpiVacCorona,42,1,0,0
2022.08_16-09-2022.X,г. Санкт-Петербург,18-59,21_165_days,SputnikLite,1123,29,1,0
2022.08_16-09-2022.X,г. Санкт-Петербург,18-59,21_165_days,SputnikV,2035,63,4,0
2022.08_16-09-2022.X,г. Санкт-Петербург,60+,21_165_days,AllVaccines,1942,145,31,14
2022.08_16-09-2022.X,г. Санкт-Петербург,60+,21_165_days,CoviVac,15,0,0,0
2022.08_16-09-2022.X,г. Санкт-Петербург,60+,21_165_days,EpiVacCorona,27,4,2,1
2022.08_16-09-2022.X,г. Санкт-Петербург,60+,21_165_days,SputnikLite,768,57,14,7
2022.08_16-09-2022.X,г. Санкт-Петербург,60+,21_165_days,SputnikV,1132,84,15,6
2022.09_11-11-2022.X,Московская область,18+,21_165_days,AllVaccines,2853,116,17,5
2022.09_11-11-2022.X,Московская область,18+,21_165_days,CoviVac,20,0,0,0
2022.09_11-11-2022.X,Московская область,18+,21_165_days,EpiVacCorona,78,4,2,1
2022.09_11-11-2022.X,Московская область,18+,21_165_days,SputnikLite,964,34,7,2
2022.09_11-11-2022.X,Московская область,18+,21_165_days,SputnikV,1791,78,8,2
2022.09_11-11-2022.X,Московская область,18-59,21_165_days,AllVaccines,1874,32,4,0
2022.09_11-11-2022.X,Московская область,18-59,21_165_days,CoviVac,12,0,0,0
2022.09_11-11-2022.X,Московская область,18-59,21_165_days,EpiVacCorona,40,0,0,0
2022.09_11-11-2022.X,Московская область,18-59,21_165_days,SputnikLite,546,4,0,0
2022.09_11-11-2022.X,Московская область,18-59,21_165_days,SputnikV,1276,28,4,0
2022.09_11-11-2022.X,Московская область,60+,21_165_days,AllVaccines,979,84,13,5
2022.09_11-11-2022.X,Московская область,60+,21_165_days,CoviVac,8,0,0,0
2022.09_11-11-2022.X,Московская область,60+,21_165_days,EpiVacCorona,38,4,2,1
2022.09_11-11-2022.X,Московская область,60+,21_165_days,SputnikLite,418,30,7,2
2022.09_11-11-2022.X,Московская область,60+,21_165_days,SputnikV,515,50,4,2
2022.09_11-11-2022.X,РФ,18+,21_165_days,AllVaccines,71826,4426,500,288
2022.09_11-11-2022.X,РФ,18+,21_165_days,CoviVac,1827,87,9,4
2022.09_11-11-2022.X,РФ,18+,21_165_days,EpiVacCorona,4814,432,55,34
2022.09_11-11-2022.X,РФ,18+,21_165_days,SputnikLite,12095,579,49,30
2022.09_11-11-2022.X,РФ,18+,21_165_days,SputnikV,53090,3328,387,220
2022.09_11-11-2022.X,РФ,18-59,21_165_days,AllVaccines,39128,1058,67,23
2022.09_11-11-2022.X,РФ,18-59,21_165_days,CoviVac,1330,32,4,1
2022.09_11-11-2022.X,РФ,18-59,21_165_days,EpiVacCorona,2500,86,5,2
2022.09_11-11-2022.X,РФ,18-59,21_165_days,SputnikLite,7014,157,5,3
2022.09_11-11-2022.X,РФ,18-59,21_165_days,SputnikV,28284,783,53,17
2022.09_11-11-2022.X,РФ,60+,21_165_days,AllVaccines,32698,3368,433,265
2022.09_11-11-2022.X,РФ,60+,21_165_days,CoviVac,497,55,5,3
2022.09_11-11-2022.X,РФ,60+,21_165_days,EpiVacCorona,2314,346,50,32
2022.09_11-11-2022.X,РФ,60+,21_165_days,SputnikLite,5081,422,44,27
2022.09_11-11-2022.X,РФ,60+,21_165_days,SputnikV,24806,2545,334,203
2022.09_11-11-2022.X,г. Санкт-Петербург,18+,21_165_days,AllVaccines,2452,126,16,7
2022.09_11-11-2022.X,г. Санкт-Петербург,18+,21_165_days,CoviVac,62,4,1,0
2022.09_11-11-2022.X,г. Санкт-Петербург,18+,21_165_days,EpiVacCorona,27,0,0,0
2022.09_11-11-2022.X,г. Санкт-Петербург,18+,21_165_days,SputnikLite,698,30,3,1
2022.09_11-11-2022.X,г. Санкт-Петербург,18+,21_165_days,SputnikV,1665,92,12,6
2022.09_11-11-2022.X,г. Санкт-Петербург,18-59,21_165_days,AllVaccines,1414,45,3,1
2022.09_11-11-2022.X,г. Санкт-Петербург,18-59,21_165_days,CoviVac,55,4,1,0
2022.09_11-11-2022.X,г. Санкт-Петербург,18-59,21_165_days,EpiVacCorona,16,0,0,0
2022.09_11-11-2022.X,г. Санкт-Петербург,18-59,21_165_days,SputnikLite,404,9,0,0
2022.09_11-11-2022.X,г. Санкт-Петербург,18-59,21_165_days,SputnikV,939,32,2,1
2022.09_11-11-2022.X,г. Санкт-Петербург,60+,21_165_days,AllVaccines,1038,81,13,6
2022.09_11-11-2022.X,г. Санкт-Петербург,60+,21_165_days,CoviVac,7,0,0,0
2022.09_11-11-2022.X,г. Санкт-Петербург,60+,21_165_days,EpiVacCorona,11,0,0,0
2022.09_11-11-2022.X,г. Санкт-Петербург,60+,21_165_days,SputnikLite,294,21,3,1
2022.09_11-11-2022.X,г. Санкт-Петербург,60+,21_165_days,SputnikV,726,60,10,5
2022.10_13-12-2022.X,Московская область,18+,21_165_days,AllVaccines,716,46,10,5
2022.10_13-12-2022.X,Московская область,18+,21_165_days,CoviVac,3,0,0,0
2022.10_13-12-2022.X,Московская область,18+,21_165_days,EpiVacCorona,30,4,0,0
2022.10_13-12-2022.X,Московская область,18+,21_165_days,SputnikLite,138,7,1,0
2022.10_13-12-2022.X,Московская область,18+,21_165_days,SputnikV,545,35,9,5
2022.10_13-12-2022.X,Московская область,18-59,21_165_days,AllVaccines,450,9,3,1
2022.10_13-12-2022.X,Московская область,18-59,21_165_days,CoviVac,3,0,0,0
2022.10_13-12-2022.X,Московская область,18-59,21_165_days,EpiVacCorona,20,1,0,0
2022.10_13-12-2022.X,Московская область,18-59,21_165_days,SputnikLite,65,2,0,0
2022.10_13-12-2022.X,Московская область,18-59,21_165_days,SputnikV,362,6,3,1
2022.10_13-12-2022.X,Московская область,60+,21_165_days,AllVaccines,266,37,7,4
2022.10_13-12-2022.X,Московская область,60+,21_165_days,EpiVacCorona,10,3,0,0
2022.10_13-12-2022.X,Московская область,60+,21_165_days,SputnikLite,73,5,1,0
2022.10_13-12-2022.X,Московская область,60+,21_165_days,SputnikV,183,29,6,4
2022.10_13-12-2022.X,РФ,18+,21_165_days,AllVaccines,21863,2215,264,143
2022.10_13-12-2022.X,РФ,18+,21_165_days,CoviVac,420,33,1,0
2022.10_13-12-2022.X,РФ,18+,21_165_days,EpiVacCorona,1160,165,28,16
2022.10_13-12-2022.X,РФ,18+,21_165_days,SputnikLite,2105,198,20,10
2022.10_13-12-2022.X,РФ,18+,21_165_days,SputnikV,18178,1819,215,117
2022.10_13-12-2022.X,РФ,18-59,21_165_days,AllVaccines,10440,451,34,8
2022.10_13-12-2022.X,РФ,18-59,21_165_days,CoviVac,274,15,0,0
2022.10_13-12-2022.X,РФ,18-59,21_165_days,EpiVacCorona,502,24,2,0
2022.10_13-12-2022.X,РФ,18-59,21_165_days,SputnikLite,1129,46,2,1
2022.10_13-12-2022.X,РФ,18-59,21_165_days,SputnikV,8535,366,30,7
2022.10_13-12-2022.X,РФ,60+,21_165_days,AllVaccines,11423,1764,230,135
2022.10_13-12-2022.X,РФ,60+,21_165_days,CoviVac,146,18,1,0
2022.10_13-12-2022.X,РФ,60+,21_165_days,EpiVacCorona,658,141,26,16
2022.10_13-12-2022.X,РФ,60+,21_165_days,SputnikLite,976,152,18,9
2022.10_13-12-2022.X,РФ,60+,21_165_days,SputnikV,9643,1453,185,110
2022.10_13-12-2022.X,г. Санкт-Петербург,18+,21_165_days,AllVaccines,668,76,13,6
2022.10_13-12-2022.X,г. Санкт-Петербург,18+,21_165_days,CoviVac,10,0,0,0
2022.10_13-12-2022.X,г. Санкт-Петербург,18+,21_165_days,EpiVacCorona,10,2,0,0
2022.10_13-12-2022.X,г. Санкт-Петербург,18+,21_165_days,SputnikLite,99,11,2,1
2022.10_13-12-2022.X,г. Санкт-Петербург,18+,21_165_days,SputnikV,549,63,11,5
2022.10_13-12-2022.X,г. Санкт-Петербург,18-59,21_165_days,AllVaccines,313,23,2,0
2022.10_13-12-2022.X,г. Санкт-Петербург,18-59,21_165_days,CoviVac,10,0,0,0
2022.10_13-12-2022.X,г. Санкт-Петербург,18-59,21_165_days,EpiVacCorona,4,1,0,0
2022.10_13-12-2022.X,г. Санкт-Петербург,18-59,21_165_days,SputnikLite,55,3,0,0
2022.10_13-12-2022.X,г. Санкт-Петербург,18-59,21_165_days,SputnikV,244,19,2,0
2022.10_13-12-2022.X,г. Санкт-Петербург,60+,21_165_days,AllVaccines,355,53,11,6
2022.10_13-12-2022.X,г. Санкт-Петербург,60+,21_165_days,EpiVacCorona,6,1,0,0
2022.10_13-12-2022.X,г. Санкт-Петербург,60+,21_165_days,SputnikLite,44,8,2,1
2022.10_13-12-2022.X,г. Санкт-Петербург,60+,21_165_days,SputnikV,305,44,9,5
2022.11_19-12-2022.X,Московская область,18+,21_165_days,AllVaccines,455,39,2,2
2022.11_19-12-2022.X,Московская область,18+,21_165_days,CoviVac,2,0,0,0
2022.11_19-12-2022.X,Московская область,18+,21_165_days,EpiVacCorona,11,1,0,0
2022.11_19-12-2022.X,Московская область,18+,21_165_days,SputnikLite,71,6,0,1
2022.11_19-12-2022.X,Московская область,18+,21_165_days,SputnikV,371,32,2,1
2022.11_19-12-2022.X,Московская область,18-59,21_165_days,AllVaccines,306,17,1,1
2022.11_19-12-2022.X,Московская область,18-59,21_165_days,CoviVac,2,0,0,0
2022.11_19-12-2022.X,Московская область,18-59,21_165_days,EpiVacCorona,6,0,0,0
2022.11_19-12-2022.X,Московская область,18-59,21_165_days,SputnikLite,38,3,0,1
2022.11_19-12-2022.X,Московская область,18-59,21_165_days,SputnikV,260,14,1,0
2022.11_19-12-2022.X,Московская область,60+,21_165_days,AllVaccines,149,22,1,1
2022.11_19-12-2022.X,Московская область,60+,21_165_days,EpiVacCorona,5,1,0,0
2022.11_19-12-2022.X,Московская область,60+,21_165_days,SputnikLite,33,3,0,0
2022.11_19-12-2022.X,Московская область,60+,21_165_days,SputnikV,111,18,1,1
2022.11_19-12-2022.X,РФ,18+,21_165_days,AllVaccines,11443,1524,169,79
2022.11_19-12-2022.X,РФ,18+,21_165_days,CoviVac,106,12,0,0
2022.11_19-12-2022.X,РФ,18+,21_165_days,EpiVacCorona,455,79,8,2
2022.11_19-12-2022.X,РФ,18+,21_165_days,SputnikLite,686,72,8,5
2022.11_19-12-2022.X,РФ,18+,21_165_days,SputnikV,10196,1361,153,72
2022.11_19-12-2022.X,РФ,18-59,21_165_days,AllVaccines,5859,362,35,12
2022.11_19-12-2022.X,РФ,18-59,21_165_days,CoviVac,68,6,0,0
2022.11_19-12-2022.X,РФ,18-59,21_165_days,EpiVacCorona,214,14,0,0
2022.11_19-12-2022.X,РФ,18-59,21_165_days,SputnikLite,413,17,1,1
2022.11_19-12-2022.X,РФ,18-59,21_165_days,SputnikV,5164,325,34,11
2022.11_19-12-2022.X,РФ,60+,21_165_days,AllVaccines,5584,1162,134,67
2022.11_19-12-2022.X,РФ,60+,21_165_days,CoviVac,38,6,0,0
2022.11_19-12-2022.X,РФ,60+,21_165_days,EpiVacCorona,241,65,8,2
2022.11_19-12-2022.X,РФ,60+,21_165_days,SputnikLite,273,55,7,4
2022.11_19-12-2022.X,РФ,60+,21_165_days,SputnikV,5032,1036,119,61
2022.11_19-12-2022.X,г. Санкт-Петербург,18+,21_165_days,AllVaccines,384,65,15,7
2022.11_19-12-2022.X,г. Санкт-Петербург,18+,21_165_days,CoviVac,5,1,0,0
2022.11_19-12-2022.X,г. Санкт-Петербург,18+,21_165_days,EpiVacCorona,4,0,0,0
2022.11_19-12-2022.X,г. Санкт-Петербург,18+,21_165_days,SputnikLite,63,9,2,1
2022.11_19-12-2022.X,г. Санкт-Петербург,18+,21_165_days,SputnikV,312,55,13,6
2022.11_19-12-2022.X,г. Санкт-Петербург,18-59,21_165_days,AllVaccines,185,18,1,1
2022.11_19-12-2022.X,г. Санкт-Петербург,18-59,21_165_days,CoviVac,4,1,0,0
2022.11_19-12-2022.X,г. Санкт-Петербург,18-59,21_165_days,EpiVacCorona,1,0,0,0
2022.11_19-12-2022.X,г. Санкт-Петербург,18-59,21_165_days,SputnikLite,43,4,0,0
2022.11_19-12-2022.X,г. Санкт-Петербург,18-59,21_165_days,SputnikV,137,13,1,1
2022.11_19-12-2022.X,г. Санкт-Петербург,60+,21_165_days,AllVaccines,199,47,14,6
2022.11_19-12-2022.X,г. Санкт-Петербург,60+,21_165_days,CoviVac,1,0,0,0
2022.11_19-12-2022.X,г. Санкт-Петербург,60+,21_165_days,EpiVacCorona,3,0,0,0
2022.11_19-12-2022.X,г. Санкт-Петербург,60+,21_165_days,SputnikLite,20,5,2,1
2022.11_19-12-2022.X,г. Санкт-Петербург,60+,21_165_days,SputnikV,175,42,12,5
